Workbook

Sheet MASALAH GIZI
A1: Penarikan Data (Update) dilakukan secara rutin 8 jam sekali
A2: Data Tarik : 2026-10-01 04:43:44
A3: No | B3: Kabupaten/Kota | C3: BBLR | E3: Balita | G3: Balita | I3: Balita | K3: Balita Gizi Buruk | M3: Balita Stunting | O3: Insiden Stunting | Q3: Bumil | S3: Bumil Anemia | U3: Rematri Anemia
E4: BB Tidak Naik | G4: BB Kurang | I4: Gizi Kurang | Q4: KEK / Risiko KEK
C6: Jumlah | D6: % | E6: Jumlah | F6: % | G6: Jumlah | H6: % | I6: Jumlah | J6: % | K6: Jumlah | L6: % | M6: Jumlah | N6: % | O6: Jumlah | P6: % | Q6: Jumlah | R6: % | S6: Jumlah | T6: % | U6: Jumlah | V6: %
A7: 1 | B7: CILACAP | C7: 571 | D7: 6.53 | E7: 33778 | F7: 42.845908 | G7: 6263 | H7: 7.93 | I7: 3380 | J7: 4.29 | K7: 515 | L7: 0.51475292 | M7: 4027 | N7: 5.11 | O7: 654 | P7: 0.70005673 | Q7: ='rekap indikator 01102026'!P6 -> 3237 | R7: ='rekap indikator 01102026'!Q6 -> 19.92 | S7: ='rekap indikator 01102026'!L6 -> 856 | T7: ='rekap indikator 01102026'!M6 -> 6.67 | U7: ='rekap indikator 01102026'!H6 -> 4658 | V7: ='rekap indikator 01102026'!I6 -> 16.37
A8: 2 | B8: BANYUMAS | C8: 796 | D8: 9.39 | E8: 33490 | F8: 47.424169 | G8: 8131 | H8: 11.51 | I8: 3383 | J8: 4.79 | K8: 800 | L8: 0.89721303 | M8: 9044 | N8: 12.81 | O8: 937 | P8: 1.2019755 | Q8: ='rekap indikator 01102026'!P7 -> 3115 | R8: ='rekap indikator 01102026'!Q7 -> 19.97 | S8: ='rekap indikator 01102026'!L7 -> 1307 | T8: ='rekap indikator 01102026'!M7 -> 11.55 | U8: ='rekap indikator 01102026'!H7 -> 6631 | V8: ='rekap indikator 01102026'!I7 -> 24.69
A9: 3 | B9: PURBALINGGA | C9: 470 | D9: 9.15 | E9: 19741 | F9: 45.705223 | G9: 4556 | H9: 10.55 | I9: 1805 | J9: 4.18 | K9: 309 | L9: 0.55974205 | M9: 6023 | N9: 13.94 | O9: 822 | P9: 1.7748796 | Q9: ='rekap indikator 01102026'!P8 -> 2467 | R9: ='rekap indikator 01102026'!Q8 -> 23.14 | S9: ='rekap indikator 01102026'!L8 -> 1776 | T9: ='rekap indikator 01102026'!M8 -> 19.47 | U9: ='rekap indikator 01102026'!H8 -> 3684 | V9: ='rekap indikator 01102026'!I8 -> 25.67
A10: 4 | B10: BANJARNEGARA | C10: 319 | D10: 8.07 | E10: 19588 | F10: 46.400569 | G10: 4281 | H10: 10.14 | I10: 1368 | J10: 3.24 | K10: 330 | L10: 0.64037879 | M10: 6785 | N10: 16.07 | O10: 836 | P10: 1.9931812 | Q10: ='rekap indikator 01102026'!P9 -> 2162 | R10: ='rekap indikator 01102026'!Q9 -> 23.35 | S10: ='rekap indikator 01102026'!L9 -> 955 | T10: ='rekap indikator 01102026'!M9 -> 11.89 | U10: ='rekap indikator 01102026'!H9 -> 4372 | V10: ='rekap indikator 01102026'!I9 -> 33.22
A11: 5 | B11: KEBUMEN | C11: 244 | D11: 7.63 | E11: 25304 | F11: 46.934877 | G11: 6098 | H11: 11.31 | I11: 2487 | J11: 4.61 | K11: 72 | L11: 0.10550069 | M11: 4208 | N11: 7.81 | O11: 487 | P11: 0.77253764 | Q11: ='rekap indikator 01102026'!P10 -> 2938 | R11: ='rekap indikator 01102026'!Q10 -> 22.44 | S11: ='rekap indikator 01102026'!L10 -> 2020 | T11: ='rekap indikator 01102026'!M10 -> 26.38 | U11: ='rekap indikator 01102026'!H10 -> 3107 | V11: ='rekap indikator 01102026'!I10 -> 16.06
A12: 6 | B12: PURWOREJO | C12: 103 | D12: 6.41 | E12: 12688 | F12: 46.353938 | G12: 3395 | H12: 12.4 | I12: 1227 | J12: 4.48 | K12: 102 | L12: 0.29430435 | M12: 4518 | N12: 16.51 | O12: 545 | P12: 1.8523554 | Q12: ='rekap indikator 01102026'!P11 -> 1144 | R12: ='rekap indikator 01102026'!Q11 -> 24.02 | S12: ='rekap indikator 01102026'!L11 -> 564 | T12: ='rekap indikator 01102026'!M11 -> 16.33 | U12: ='rekap indikator 01102026'!H11 -> 1586 | V12: ='rekap indikator 01102026'!I11 -> 14.51
A13: 7 | B13: WONOSOBO | C13: 115 | D13: 6.8 | E13: 17124 | F13: 48.281501 | G13: 3357 | H13: 9.47 | I13: 743 | J13: 2.09 | K13: 105 | L13: 0.23151721 | M13: 6356 | N13: 17.92 | O13: 617 | P13: 1.6650924 | Q13: ='rekap indikator 01102026'!P12 -> 819 | R13: ='rekap indikator 01102026'!Q12 -> 22.7 | S13: ='rekap indikator 01102026'!L12 -> 209 | T13: ='rekap indikator 01102026'!M12 -> 10.84 | U13: ='rekap indikator 01102026'!H12 -> 1782 | V13: ='rekap indikator 01102026'!I12 -> 11.56
A14: 8 | B14: MAGELANG | C14: 108 | D14: 7.15 | E14: 23936 | F14: 47.685075 | G14: 5631 | H14: 11.22 | I14: 2330 | J14: 4.64 | K14: 194 | L14: 0.30950368 | M14: 7900 | N14: 15.74 | O14: 1065 | P14: 2.0223311 | Q14: ='rekap indikator 01102026'!P13 -> 1595 | R14: ='rekap indikator 01102026'!Q13 -> 22.93 | S14: ='rekap indikator 01102026'!L13 -> 448 | T14: ='rekap indikator 01102026'!M13 -> 8.89 | U14: ='rekap indikator 01102026'!H13 -> 5830 | V14: ='rekap indikator 01102026'!I13 -> 39.64
A15: 9 | B15: BOYOLALI | C15: 136 | D15: 4.86 | E15: 18116 | F15: 42.246164 | G15: 3769 | H15: 8.79 | I15: 1774 | J15: 4.15 | K15: 39 | L15: 0.072493401 | M15: 5209 | N15: 12.15 | O15: 1132 | P15: 2.3207659 | Q15: ='rekap indikator 01102026'!P14 -> 1669 | R15: ='rekap indikator 01102026'!Q14 -> 19.77 | S15: ='rekap indikator 01102026'!L14 -> 515 | T15: ='rekap indikator 01102026'!M14 -> 10.01 | U15: ='rekap indikator 01102026'!H14 -> 2227 | V15: ='rekap indikator 01102026'!I14 -> 14.01
A16: 10 | B16: KLATEN | C16: 398 | D16: 8.02 | E16: 22164 | F16: 46.814802 | G16: 5834 | H16: 12.32 | I16: 2440 | J16: 5.15 | K16: 421 | L16: 0.71827069 | M16: 6203 | N16: 13.1 | O16: 810 | P16: 1.5953675 | Q16: ='rekap indikator 01102026'!P15 -> 1452 | R16: ='rekap indikator 01102026'!Q15 -> 17.86 | S16: ='rekap indikator 01102026'!L15 -> 581 | T16: ='rekap indikator 01102026'!M15 -> 9.66 | U16: ='rekap indikator 01102026'!H15 -> 4274 | V16: ='rekap indikator 01102026'!I15 -> 21.07
A17: 11 | B17: SUKOHARJO | C17: 267 | D17: 6.04 | E17: 13843 | F17: 38.67516 | G17: 3396 | H17: 9.49 | I17: 1391 | J17: 3.89 | K17: 361 | L17: 0.80513861 | M17: 2792 | N17: 7.8 | O17: 344 | P17: 0.83349486 | Q17: ='rekap indikator 01102026'!P16 -> 686 | R17: ='rekap indikator 01102026'!Q16 -> 16.64 | S17: ='rekap indikator 01102026'!L16 -> 307 | T17: ='rekap indikator 01102026'!M16 -> 11.1 | U17: ='rekap indikator 01102026'!H16 -> 3508 | V17: ='rekap indikator 01102026'!I16 -> 29.37
A18: 12 | B18: WONOGIRI | C18: 146 | D18: 7.9 | E18: 15369 | F18: 48.80597 | G18: 3032 | H18: 9.62 | I18: 1237 | J18: 3.93 | K18: 178 | L18: 0.43998418 | M18: 3051 | N18: 9.69 | O18: 313 | P18: 0.86003187 | Q18: ='rekap indikator 01102026'!P17 -> 1305 | R18: ='rekap indikator 01102026'!Q17 -> 19.83 | S18: ='rekap indikator 01102026'!L17 -> 500 | T18: ='rekap indikator 01102026'!M17 -> 12.67 | U18: ='rekap indikator 01102026'!H17 -> 1241 | V18: ='rekap indikator 01102026'!I17 -> 10.02
... A41: 35 | B41: KOTA TEGAL | C41: 16 | D41: 6.15 | E41: 3570 | F41: 46.624004 | G41: 1188 | H41: 15.51 | I41: 582 | J41: 7.6 | K41: 60 | L41: 0.66115702 | M41: 715 | N41: 9.34 | O41: 51 | P41: 0.56818182 | Q41: ='rekap indikator 01102026'!P40 -> 480 | R41: ='rekap indikator 01102026'!Q40 -> 21.82 | S41: ='rekap indikator 01102026'!L40 -> 352 | T41: ='rekap indikator 01102026'!M40 -> 21.99 | U41: ='rekap indikator 01102026'!H40 -> 1401 | V41: ='rekap indikator 01102026'!I40 -> 26.07
B42: JAWA TENGAH | C42: 7374 | D42: 6.24 | E42: 626629 | F42: 42.859468 | G42: 140875 | H42: 9.63 | I42: 67989 | J42: 4.65 | K42: 12077 | L42: 0.6592015 | M42: 141184 | N42: 9.66 | O42: 21403 | P42: 1.288873 | Q42: ='rekap indikator 01102026'!P41 -> 55144 | R42: ='rekap indikator 01102026'!Q41 -> 19.94 | S42: ='rekap indikator 01102026'!L41 -> 22512 | T42: ='rekap indikator 01102026'!M41 -> 11.16 | U42: ='rekap indikator 01102026'!H41 -> 88202 | V42: ='rekap indikator 01102026'!I41 -> 15.21
A43: TARGET | C43: ≤5,5% | E43: ≤40% | G43: ≤14% | I43: Wasting ≤7,5 % | K43: ≤0,5 % | M43: ≤14 % | O43: 2.3 | Q43: ≤13% | S43: ≤23% | U43: ≤25%

Sheet rekap indikator 01102026
A1: Penarikan Data (Update) dilakukan secara rutin 8 jam sekali
A2: Data Tarik : 2026-10-01 04:43:44
A3: No | B3: Kabupaten/Kota
A4: No | B4: Kabupaten/Kota | C4: Prev Stunting SSGI 2024 | D4: Rematri Konsumsi TTD | E4: % Konsumsi TTD | F4: Rematri skrining anemia | G4: % skrining anemia | H4: Rematri anemia | I4: % Rematri anemia | J4: ibu hamil ANC 6x | K4: % ANC 6x | L4: ibu hamil Anemia | M4: % bumil Anemia | N4: Ibu hamil Konsumsi TTD/MMS | O4: % TTD/MMS | P4: ibu hamil KEK | Q4: % Bumil KEK | R4: Jumlah ibu hamil KEK Konsumsi MT | S4: % Bumil PMT | T4: Balita dipantau pertumbuhan (D/S) | U4: % D/S | V4: Jumlah balita dipantau tumbang | W4: % tumbang | X4: Jumlah balita dipantau tumbang (manual) | Y4: % | Z4: ASI Eksklusif | AA4: % ASI | AB4: MPASI | AC4: % MPASI | AD4: Jumlah gizi kurang | AE4: Jumlah gizi kurang dapat MT | AF4: % gizi kurang dapat MT | AG4: Jumlah BB kurang | AH4: Jumlah BB kurang dapat MT | AI4: % BB kurang dapat MT | AJ4: Jumlah BB Tidak Naik (T) | AK4: Jumlah BB Tidak Naik (T) dapat MT | AL4: % BB Tidak Naik (T) dapat MT | AM4: Jumlah kasus gizi buruk | AN4: Jumlah Kasus Gizi Buruk mendapat tatalaksana | AO4: % talak gibur | AP4: Sasaran IDL | AQ4: Baduta IDL | AR4: % IDL | AS4: Total Capaian Intervensi
E5: 1 | G5: 2 | K5: 3 | O5: 4 | S5: 5 | U5: 6 | W5: 7 | AA5: 8 | AC5: 9 | AF5: 10 | AI5: 11 | AL5: 12 | AO5: 13 | AR5: 14
A6: 1 | B6: CILACAP | C6: 15,6 | D6: 77877 | E6: 98.78 | F6: 28458 | G6: 94.87 | H6: 4658 | I6: 16.37 | J6: 5342 | K6: 64.43 | L6: 856 | M6: 6.67 | N6: 4827 | O6: 14.05 | P6: 3237 | Q6: 19.92 | R6: 212 | S6: 25.45 | T6: 78836 | U6: 97.77 | V6: 53324 | W6: 56.24 | Z6: 8479 | AA6: 90.43 | AB6: 8317 | AC6: 95.78 | AD6: 15736 | AE6: 1508 | AF6: 9.58 | AG6: 19079 | AH6: 1419 | AI6: 7.44 | AJ6: 115951 | AK6: 2051 | AL6: 1.77 | AM6: 376 | AN6: 96 | AO6: 25.53 | AP6: 31615 | AQ6: 12411 | AR6: 39.256682 | AS6: 7
A7: 2 | B7: BANYUMAS | C7: 19,6 | D7: 80194 | E7: 100 | F7: 26853 | G7: 100 | H7: 6631 | I7: 24.69 | J7: 3711 | K7: 48.38 | L7: 1307 | M7: 11.55 | N7: 3942 | O7: 15.16 | P7: 3115 | Q7: 19.97 | R7: 174 | S7: 16.91 | T7: 70618 | U7: 99.51 | V7: 27468 | W7: 11.35 | Z7: 10536 | AA7: 88.12 | AB7: 8700 | AC7: 97.8 | AD7: 24614 | AE7: 1781 | AF7: 7.24 | AG7: 42169 | AH7: 1314 | AI7: 3.12 | AJ7: 193142 | AK7: 4675 | AL7: 2.42 | AM7: 799 | AN7: 510 | AO7: 63.83 | AP7: 23858 | AQ7: 10140 | AR7: 42.501467 | AS7: 6
A8: 3 | B8: PURBALINGGA | C8: 22,3 | D8: 42770 | E8: 99.94 | F8: 14352 | G8: 99.14 | H8: 3684 | I8: 25.67 | J8: 3028 | K8: 53.15 | L8: 1776 | M8: 19.47 | N8: 2120 | O8: 11.92 | P8: 2467 | Q8: 23.14 | R8: 346 | S8: 47.59 | T8: 43192 | U8: 96.49 | V8: 15668 | W8: 23.86 | Z8: 6805 | AA8: 88.99 | AB8: 4243 | AC8: 88.8 | AD8: 8472 | AE8: 856 | AF8: 10.1 | AG8: 17242 | AH8: 1101 | AI8: 6.39 | AJ8: 77197 | AK8: 2733 | AL8: 3.54 | AM8: 283 | AN8: 70 | AO8: 24.73 | AP8: 16754 | AQ8: 6699 | AR8: 39.984481 | AS8: 6
A9: 4 | B9: BANJARNEGARA | C9: 20,6 | D9: 39209 | E9: 96.43 | F9: 13161 | G9: 93.03 | H9: 4372 | I9: 33.22 | J9: 2885 | K9: 59.61 | L9: 955 | M9: 11.89 | N9: 2997 | O9: 19.4 | P9: 2162 | Q9: 23.35 | R9: 381 | S9: 32.21 | T9: 42215 | U9: 94.76 | V9: 13057 | W9: 8.93 | Z9: 5652 | AA9: 88.05 | AB9: 5066 | AC9: 91.99 | AD9: 8372 | AE9: 865 | AF9: 10.33 | AG9: 22333 | AH9: 1334 | AI9: 5.97 | AJ9: 99819 | AK9: 4622 | AL9: 4.63 | AM9: 313 | AN9: 131 | AO9: 41.85 | AP9: 14328 | AQ9: 6516 | AR9: 45.477387 | AS9: 6
A10: 5 | B10: KEBUMEN | C10: 18,0 | D10: 52447 | E10: 92.32 | F10: 19351 | G10: 90.37 | H10: 3107 | I10: 16.06 | J10: 490 | K10: 8.74 | L10: 2020 | M10: 26.38 | N10: 1393 | O10: 6.43 | P10: 2938 | Q10: 22.44 | R10: 125 | S10: 16.76 | T10: 53913 | U10: 98.24 | V10: 2533 | W10: 2.35 | Z10: 7923 | AA10: 91.65 | AB10: 5672 | AC10: 93.47 | AD10: 10801 | AE10: 580 | AF10: 5.37 | AG10: 16691 | AH10: 1160 | AI10: 6.95 | AJ10: 75553 | AK10: 3968 | AL10: 5.25 | AM10: 53 | AN10: 10 | AO10: 18.87 | AP10: 19762 | AQ10: 6908 | AR10: 34.955976 | AS10: 5
A11: 6 | B11: PURWOREJO | C11: 14,9 | D11: 29322 | E11: 87.26 | F11: 10932 | G11: 98.68 | H11: 1586 | I11: 14.51 | J11: 615 | K11: 24.86 | L11: 564 | M11: 16.33 | N11: 754 | O11: 5.95 | P11: 1144 | Q11: 24.02 | R11: 112 | S11: 18.82 | T11: 27372 | U11: 98.31 | V11: 3467 | W11: 10.15 | Z11: 3292 | AA11: 92.89 | AB11: 3226 | AC11: 97.4 | AD11: 3573 | AE11: 264 | AF11: 7.39 | AG11: 7482 | AH11: 704 | AI11: 9.41 | AJ11: 27069 | AK11: 960 | AL11: 3.55 | AM11: 81 | AN11: 20 | AO11: 24.69 | AP11: 11687 | AQ11: 4265 | AR11: 36.49354 | AS11: 5
A12: 7 | B12: WONOSOBO | C12: 23,9 | D12: 36372 | E12: 99.73 | F12: 15415 | G12: 97.15 | H12: 1782 | I12: 11.56 | J12: 190 | K12: 14.81 | L12: 209 | M12: 10.84 | N12: 269 | O12: 1.96 | P12: 819 | Q12: 22.7 | R12: 190 | S12: 19.37 | T12: 35467 | U12: 97 | V12: 656 | W12: 1.77 | Z12: 3909 | AA12: 92.13 | AB12: 3411 | AC12: 98.81 | AD12: 3997 | AE12: 243 | AF12: 6.08 | AG12: 14071 | AH12: 742 | AI12: 5.27 | AJ12: 66879 | AK12: 1504 | AL12: 2.25 | AM12: 87 | AN12: 18 | AO12: 20.69 | AP12: 12548 | AQ12: 5089 | AR12: 40.556264 | AS12: 5
A13: 8 | B13: MAGELANG | C13: 19,3 | D13: 43774 | E13: 87.23 | F13: 14706 | G13: 86.58 | H13: 5830 | I13: 39.64 | J13: 748 | K13: 26.97 | L13: 448 | M13: 8.89 | N13: 1114 | O13: 5.07 | P13: 1595 | Q13: 22.93 | R13: 242 | S13: 25.99 | T13: 50196 | U13: 95.68 | V13: 2990 | W13: 3.42 | Z13: 4779 | AA13: 96.72 | AB13: 3689 | AC13: 94.23 | AD13: 9366 | AE13: 286 | AF13: 3.05 | AG13: 17379 | AH13: 637 | AI13: 3.67 | AJ13: 78815 | AK13: 1073 | AL13: 1.36 | AM13: 167 | AN13: 3 | AO13: 1.8 | AP13: 20070 | AQ13: 8932 | AR13: 44.504235 | AS13: 5
A14: 9 | B14: BOYOLALI | C14: 24,5 | D14: 44948 | E14: 99.38 | F14: 15901 | G14: 100.77 | H14: 2227 | I14: 14.01 | J14: 873 | K14: 22.35 | L14: 515 | M14: 10.01 | N14: 1082 | O14: 7.12 | P14: 1669 | Q14: 19.77 | R14: 86 | S14: 22.63 | T14: 42882 | U14: 96.98 | V14: 3517 | W14: 2.83 | Z14: 5426 | AA14: 90.13 | AB14: 3162 | AC14: 95.5 | AD14: 4319 | AE14: 593 | AF14: 13.73 | AG14: 6305 | AH14: 622 | AI14: 9.87 | AJ14: 31106 | AK14: 3144 | AL14: 10.11 | AM14: 37 | AN14: 11 | AO14: 29.73 | AP14: 14055 | AQ14: 5876 | AR14: 41.807186 | AS14: 4
A15: 10 | B15: KLATEN | C15: 20,8 | D15: 43248 | E15: 92.23 | F15: 20288 | G15: 98.87 | H15: 4274 | I15: 21.07 | J15: 1614 | K15: 37.94 | L15: 581 | M15: 9.66 | N15: 2065 | O15: 10.96 | P15: 1452 | Q15: 17.86 | R15: 285 | S15: 35.36 | T15: 47344 | U15: 98.59 | V15: 10341 | W15: 8.47 | Z15: 8088 | AA15: 93.51 | AB15: 5143 | AC15: 89.06 | AD15: 15100 | AE15: 1386 | AF15: 9.18 | AG15: 25656 | AH15: 1241 | AI15: 4.84 | AJ15: 104337 | AK15: 1271 | AL15: 1.22 | AM15: 381 | AN15: 121 | AO15: 31.76 | AP15: 17328 | AQ15: 7033 | AR15: 40.587488 | AS15: 5
A16: 11 | B16: SUKOHARJO | C16: 16,8 | D16: 37428 | E16: 99.47 | F16: 11943 | G16: 95.52 | H16: 3508 | I16: 29.37 | J16: 169 | K16: 7.91 | L16: 307 | M16: 11.1 | N16: 1770 | O16: 12.45 | P16: 686 | Q16: 16.64 | R16: 565 | S16: 47.32 | T16: 35793 | U16: 99.91 | V16: 16471 | W16: 17.08 | Z16: 5886 | AA16: 91.38 | AB16: 4506 | AC16: 99.51 | AD16: 10670 | AE16: 1557 | AF16: 14.59 | AG16: 18394 | AH16: 1084 | AI16: 5.89 | AJ16: 79616 | AK16: 7351 | AL16: 9.23 | AM16: 394 | AN16: 283 | AO16: 71.83 | AP16: 13304 | AQ16: 6763 | AR16: 50.834336 | AS16: 5
A17: 12 | B17: WONOGIRI | C17: 15,1 | D17: 36250 | E17: 99.96 | F17: 12389 | G17: 94.53 | H17: 1241 | I17: 10.02 | J17: 299 | K17: 8.36 | L17: 500 | M17: 12.67 | N17: 588 | O17: 4.74 | P17: 1305 | Q17: 19.83 | R17: 157 | S17: 28.86 | T17: 31490 | U17: 99.45 | V17: 5168 | W17: 8.68 | Z17: 2636 | AA17: 78.78 | AB17: 1519 | AC17: 94.58 | AD17: 4384 | AE17: 303 | AF17: 6.91 | AG17: 8389 | AH17: 354 | AI17: 4.22 | AJ17: 47613 | AK17: 2876 | AL17: 6.04 | AM17: 151 | AN17: 59 | AO17: 39.07 | AP17: 11540 | AQ17: 4629 | AR17: 40.112652 | AS17: 5
... A40: 35 | B40: KOTA TEGAL | C40: 18,0 | D40: 12156 | E40: 97.96 | F40: 5375 | G40: 98.39 | H40: 1401 | I40: 26.07 | J40: 101 | K40: 10.07 | L40: 352 | M40: 21.99 | N40: 176 | O40: 3.55 | P40: 480 | Q40: 21.82 | R40: 33 | S40: 9.22 | T40: 7657 | U40: 98.41 | V40: 277 | W40: 4.71 | Z40: 812 | AA40: 92.17 | AB40: 845 | AC40: 96.68 | AD40: 1648 | AE40: 4 | AF40: 0.24 | AG40: 2084 | AH40: 30 | AI40: 1.44 | AJ40: 7328 | AK40: 211 | AL40: 2.88 | AM40: 40 | AN40: 2 | AO40: 5 | AP40: 4618 | AQ40: 3054 | AR40: 66.132525 | AS40: 5
B41: JAWA TENGAH | C41: 17,1 | D41: 1483925 | E41: 93.64 | F41: 579995 | G41: 93.76 | H41: 88202 | I41: 15.21 | J41: 49129 | K41: 39.64 | L41: 22512 | M41: 11.16 | N41: 64599 | O41: 10.9 | P41: 55144 | Q41: 19.94 | R41: 7750 | S41: 26.44 | T41: 1462055 | U41: 96.13 | V41: 312523 | W41: 11.73 | Z41: 179652 | AA41: 89.77 | AB41: 141953 | AC41: 95.31 | AD41: 334648 | AE41: 27677 | AF41: 8.27 | AG41: 485088 | AH41: 30651 | AI41: 6.32 | AJ41: 2381579 | AK41: 80218 | AL41: 3.37 | AM41: 10481 | AN41: 4036 | AO41: 38.51 | AP41: 547843 | AQ41: 250212 | AR41: 45.672209 | AS41: 5
B42: TARGET | D42: 67 | F42: 77 | H42: ≤23 | J42: tw3: 60 | L42: ≤25 | N42: tw 3: 39 | P42: ≤13 | R42: 85 | T42: 90 | V42: 55 | X42: 55 | Z42: 76 | AB42: 76 | AE42: 70 | AH42: 70 | AK42: 70 | AN42: 92 | AQ42: TW3: 56,25

Sheet capaian intervensi spesifik
C4: No | F4: Intervensi Percepatan Penurunan Stunting | G4: Target 2025 | H4: Capaian 2025 | I4: Target 2026 | J4: Jumlah | K4: Capaian TW 1 | L4: Jumlah | M4: Capaian TW 2 | N4: Capaian TW 2 | O4: Capaian TW 3 | P4: Capaian TW 4 | Q4: Status
B5: Intervensi untuk remaja putri dan ibu hamil (sebelum kelahiran) | C5: 1 | F5: Remaja putri mendapat skrining anemia | G5: 0.75 | H5: 90.58 | I5: 0.77 | J5: 441539 | K5: 84.094017 | L5: ='rekap indikator 01102026'!F41 -> 579995 | M5: ='rekap indikator 01102026'!G41 -> 93.76 | Q5: On track
C6: 2 | F6: Remaja putri mengonsumsi TTD (tablet tambah darah) | G6: 0.65 | H6: 89.34 | I6: 0.67 | J6: 1213204 | K6: 76.057797 | L6: ='rekap indikator 01102026'!D41 -> 1483925 | M6: ='rekap indikator 01102026'!E41 -> 93.64 | Q6: On track
C7: 3 | F7: Ibu hamil ANC minimal 6x* | G7: 0.8 | H7: 91.46 | I7: 0.2 | J7: 109144 | K7: 28 | L7: ='rekap indikator 01102026'!J41 -> 49129 | M7: ='rekap indikator 01102026'!K41 -> 39.64 | Q7: On track
C8: 4 | F8: Ibu hamil mengonsumsi suplementasi gizi (TTD/MMS) minimal 180 tablet selama kehamilan** | G8: 0.48 | H8: 91.1 | I8: 0.13 | J8: 43365 | K8: 7.274481 | L8: ='rekap indikator 01102026'!N41 -> 64599 | M8: ='rekap indikator 01102026'!O41 -> 10.9 | Q8: Perlu percepatan
C9: 5 | F9: Ibu hamil KEK mendapat tambahan asupan gizi | G9: 0.84 | H9: 71.72 | I9: 0.85 | J9: 136 | K9: 0.49544627 | L9: ='rekap indikator 01102026'!R41 -> 7750 | M9: ='rekap indikator 01102026'!S41 -> 26.44 | Q9: Perlu percepatan
B10: Intervensi untuk balita (setelah kelahiran) | C10: 6a | F10: Pemantauan pertumbuhan balita | G10: 0.8 | H10: 94.38 | I10: 0.85 | J10: 1695390 | K10: 96.083201 | L10: ='rekap indikator 01102026'!T41 -> 1462055 | M10: ='rekap indikator 01102026'!U41 -> 96.13 | Q10: On track
C11: 6b | F11: Pemantauan pertumbuhan dan perkembangan balita | G11: 0.5 | H11: 88.51 | I11: 0.55 | J11: 258722 | K11: 8.8285958 | L11: ='rekap indikator 01102026'!V41 -> 312523 | M11: ='rekap indikator 01102026'!W41 -> 11.73 | Q11: Perlu percepatan
C12: 7 | F12: Bayi usia kurang dari 6 bulan mendapat ASI eksklusif | G12: 0.73 | H12: 90.24 | I12: 0.76 | J12: 75827 | K12: 88.46616 | L12: ='rekap indikator 01102026'!Z41 -> 179652 | M12: ='rekap indikator 01102026'!AA41 -> 89.77 | Q12: On track
C13: 8 | F13: Anak 6-23 bulan mendapat MP-ASI | G13: 0.73 | H13: 93.66 | I13: 0.76 | J13: 382643 | K13: 95.526328 | L13: ='rekap indikator 01102026'!AB41 -> 141953 | M13: ='rekap indikator 01102026'!AC41 -> 95.31 | Q13: On track
C14: 9a | F14: Balita berat badan tidak naik (T) mendapat tambahan asupan gizi | G14: 0.65 | H14: 23.4 | I14: 0.7 | J14: 4082 | K14: 0.54443 | L14: ='rekap indikator 01102026'!AK41 -> 80218 | M14: ='rekap indikator 01102026'!AL41 -> 3.37 | Q14: Perlu percepatan
C15: 9b | F15: Balita berat badan kurang mendapat tambahan asupan gizi | G15: 0.65 | H15: 55.6 | I15: 0.7 | J15: 638 | K15: 0.44116223 | L15: ='rekap indikator 01102026'!AH41 -> 30651 | M15: ='rekap indikator 01102026'!AI41 -> 6.32 | Q15: Perlu percepatan
C16: 9c | F16: Balita gizi kurang mendapat tambahan asupan gizi | G16: 0.65 | H16: 59.81 | I16: 0.7 | J16: 571 | K16: 0.5438665 | L16: ='rekap indikator 01102026'!AE41 -> 27677 | M16: ='rekap indikator 01102026'!AF41 -> 8.27 | Q16: Perlu percepatan
C17: 9d | F17: Balita gizi buruk mendapat pelayanan tata laksana gizi buruk | G17: 0.91 | H17: 96.86 | I17: 0.92 | J17: 303 | K17: 21.814255 | L17: ='rekap indikator 01102026'!AN41 -> 4036 | M17: ='rekap indikator 01102026'!AO41 -> 38.51 | Q17: Perlu percepatan
C18: 10 | F18: Baduta memperoleh imunisasi lengkap | G18: 0.97 | H18: 99.46 | I18: 0.97 | J18: 65845 | K18: 12.018954 | L18: ='rekap indikator 01102026'!AQ41 -> 250212 | M18: ='rekap indikator 01102026'!AR41 -> 45.672209 | Q18: Perlu percepatan
B19: Intervensi lintas siklus hidup | C19: 11 | F19: Kab/Kota yang telah terverifikasi 100% Kepala Keluarga stop Buang Air Besar Sembarangan (BABS)*** | G19: 8653 desa | H19: 100 | I19: 8653 desa | J19: 8653 desa | K19: 100 | L19: 8653 desa | M19: 100 | Q19: On track

Sheet idl
C2: IDL | F2: IBL
A3: Provinsi (ID) | B3: Kab/Kota (ID) | C3: Sasaran | D3: Cakupan | E3: (%) Capaian | F3: Sasaran | G3: Cakupan | H3: (%) Capaian
A4: 33 - JAWA TENGAH | B4: 3301 - KAB. CILACAP | C4: 31615 | D4: 12411 | E4: =D4/C4*100 -> 39.256682 | F4: 31592 | G4: 13770 | H4: 0.43586984
B5: 3302 - KAB. BANYUMAS | C5: 23858 | D5: 10140 | E5: =D5/C5*100 -> 42.501467 | F5: 23883 | G5: 9925 | H5: 0.41556756
B6: 3303 - KAB. PURBALINGGA | C6: 16754 | D6: 6699 | E6: =D6/C6*100 -> 39.984481 | F6: 16571 | G6: 6917 | H6: 0.41741597
B7: 3304 - KAB. BANJARNEGARA | C7: 14328 | D7: 6516 | E7: =D7/C7*100 -> 45.477387 | F7: 14295 | G7: 6982 | H7: 0.48842253
B8: 3305 - KAB. KEBUMEN | C8: 19762 | D8: 6908 | E8: =D8/C8*100 -> 34.955976 | F8: 19738 | G8: 6821 | H8: 0.34557706
B9: 3306 - KAB. PURWOREJO | C9: 11687 | D9: 4265 | E9: =D9/C9*100 -> 36.49354 | F9: 11678 | G9: 4371 | H9: 0.37429354
B10: 3307 - KAB. WONOSOBO | C10: 12548 | D10: 5089 | E10: =D10/C10*100 -> 40.556264 | F10: 12545 | G10: 5330 | H10: 0.42487047
B11: 3308 - KAB. MAGELANG | C11: 20070 | D11: 8932 | E11: =D11/C11*100 -> 44.504235 | F11: 20052 | G11: 9128 | H11: 0.45521644
B12: 3309 - KAB. BOYOLALI | C12: 14055 | D12: 5876 | E12: =D12/C12*100 -> 41.807186 | F12: 14042 | G12: 5597 | H12: 0.39858994
B13: 3310 - KAB. KLATEN | C13: 17328 | D13: 7033 | E13: =D13/C13*100 -> 40.587488 | F13: 17287 | G13: 6763 | H13: 0.39121883
B14: 3311 - KAB. SUKOHARJO | C14: 13304 | D14: 6763 | E14: =D14/C14*100 -> 50.834336 | F14: 13280 | G14: 6531 | H14: 0.49179217
B15: 3312 - KAB. WONOGIRI | C15: 11540 | D15: 4629 | E15: =D15/C15*100 -> 40.112652 | F15: 11642 | G15: 4647 | H15: 0.39915822
B16: 3313 - KAB. KARANGANYAR | C16: 12969 | D16: 5738 | E16: =D16/C16*100 -> 44.243966 | F16: 12991 | G16: 5681 | H16: 0.43730275
... B38: 3376 - KOTA TEGAL | C38: 4618 | D38: 3054 | E38: =D38/C38*100 -> 66.132525 | F38: 4590 | G38: 2647 | H38: 0.57668845
C39: =SUM(C4:C38) -> 547843 | D39: =SUM(D4:D38) -> 250212 | E39: =D39/C39*100 -> 45.672209 | F39: =SUM(F4:F38) -> 546781 | G39: =SUM(G4:G38) -> 250520 | H39: =G39/F39*100 -> 45.817247

Sheet anak
A1: Data Tarik : 2026-10-01 04:32:23
A2: Penarikan Data (Update) dilakukan secara rutin 8 jam sekali
A3: No | B3: Kabupaten/Kota | C3: Jumlah bayi baru lahir hidup | D3: Bayi baru lahir | S3: Pemantauan Pertumbuhan | AE3: Pemantauan Pertumbuhan dan Perkembangan | AN3: Cakupan balita dan anak prasekolah dilayani SDIDTK/PPP di FKTP | AR3: Persentase balita dan anak prasekolah yang terdeteksi ada gangguan atau penyimpangan perkembangan | BD3: Persentase Balita dan Anak Prasekolah dengan kelengkapan pengisian Buku KIA bagian pemantauan perkembangan | BF3: Persentase Balita dan Anak Prasekolah yang mengikut Kelas Ibu Balita minimal 4 kali | BJ3: Cakupan bayi dilayani PKAT (Pemeriksaan Kesehatan Anak Terintegrasi)
D4: Persentase bayi lahir prematur | F4: Persentase bayi dengan berat badan lahir rendah (berat badan < 2500 gram) | H4: Persentase panjang bayi lahir rendah | J4: Persentase lingkar kepala bayi lahir rendah | L4: Persentase bayi prematur dan BBLR yang mendapat buku KIA bayi kecil | O4: Persentase bayi baru lahir dengan BBLR mendapat tata laksana | Q4: Persentase bayi yang baru lahir mendapat IMD | S4: Jumlah sasaran balita | T4: Jumlah sasaran balita bulan ini | U4: Jumlah balita ditimbang bulan ini | V4: % | W4: Jumlah balita punya buku KIA bulan ini | X4: % | Y4: Jumlah sasaran anak prasekolah (60-83 bulan) | Z4: Jumlah anak prasekolah (60-83 bulan) bulan ini | AA4: Jumlah anak prasekolah (60-83 bulan) ditimbang bulan ini | AB4: % | AC4: Jumlah anak prasekolah (60-83 bulan) punya buku KIA bulan ini | AD4: % | AE4: Jumlah balita usia 12-23 bulan sampai TW ini | AF4: Jumlah balita usia 12-23 bulan (yang berulang tahun di bulan ini) dipantau pertumbuhan dan perkembangan | AG4: % | AH4: Jumlah balita usia 24-59 bulan sampai TW ini | AI4: Jumlah balita usia 24-59 bulan (yang berulang tahun di bulan ini) dipantau pertumbuhan dan perkembangan | AJ4: % | AK4: Jumlah balita usia 12-59 bulan sampai TW ini | AL4: Jumlah balita usia 12-59 bulan yang dipantau pertumbuhan dan perkembangan TW ini | AM4: % | AN4: Jumlah balita mendapat pelayanan SDIDTK/PPP di Fasyankes bulan ini | AO4: % | AP4: Jumlah anak prasekolah mendapat pelayanan SDIDTK/PPP di Fasyankes bulan ini | AQ4: % | AR4: Jumlah balita dengan hasil perkembangan sesuai bulan ini | AS4: Jumlah balita dengan hasil perkembangan meragukan bulan ini | AT4: Jumlah balita dengan hasil perkembangan kemungkinan penyimpangan bulan ini | AU4: Jumlah balita dengan hasil perkembangan meragukan yang mendapat intervensi bulan ini | AV4: Jumlah balita dengan hasil perkembangan kemungkinan penyimpangan yang mendapat intervensi bulan ini | AW4: % | AX4: Jumlah anak prasekolah dengan hasil perkembangan sesuai bulan ini | AY4: Jumlah anak prasekolah dengan hasil perkembangan meragukan bulan ini | AZ4: Jumlah anak prasekolah dengan hasil perkembangan kemungkinan penyimpangan bulan ini | BA4: Jumlah anak prasekolah dengan hasil perkembangan meragukan yang mendapat intervensi bulan ini | BB4: Jumlah anak prasekolah dengan hasil perkembangan kemungkinan penyimpangan yang mendapat intervensi bulan ini | BC4: % | BD4: Jumlah balita yang Buku KIA nya terisi lengkap bagian pemantauan perkembangan | BE4: Jumlah anak prasekolah yang Buku KIA nya terisi lengkap bagian pemantauan perkembangan | BF4: Jumlah balita yang ibu/orangtua/wali/keluarga/pengasuh telah mengikuti minimal 4 (empat) kali kelas ibu balita | BG4: % | BH4: Jumlah anak prasekolah yang ibu/orangtua/wali/keluarga/pengasuh telah mengikuti minimal 4 (empat) kali kelas ibu balita | BI4: % | BJ4: Cakupan bayi dilayani PKAT (Pemeriksaan Kesehatan Anak Terintegrasi)
D5: Jumlah bayi lahir < 37 minggu | E5: % | F5: Jumlah bayi BBLR | G5: % | H5: Jumlah Bayi PBLR | I5: % | J5: Jumlah lingkar kepala bayi lahir rendah | K5: % | L5: Jumlah bayi yang prematur dan BBLR | M5: Jumlah bayi prematur dan BBLR yang mendapat buku KIA bayi kecil | N5: % | O5: Jumlah bayi baru lahir dengan BBLR mendapat tata laksana | P5: % | Q5: Jumlah Bayi Mendapat IMD | R5: % | BJ5: Jumlah bayi usia 6 bulan - 6 bulan 29 hari | BK5: Jumlah bayi usia 6 bulan - 6 bulan 29 hari yang dilayani PKAT | BL5: %
A6: [1] | B6: [2] | C6: [3] | D6: [4] | E6: [5] | F6: [6] | G6: [7] | H6: [8] | I6: [9] | J6: [10] | K6: [11] | L6: [12] | M6: [13] | N6: [14] | O6: [15] | P6: [16] | Q6: [17] | R6: [18] | S6: [19] | T6: [20] | U6: [21] | V6: [22] | W6: [23] | X6: [24] | Y6: [25] | Z6: [26] | AA6: [27] | AB6: [28] | AC6: [29] | AD6: [30] | AE6: [31] | AF6: [32] | AG6: [33] | AH6: [34] | AI6: [35] | AJ6: [36] | AK6: [37] | AL6: [38] | AM6: [39] | AN6: [40] | AO6: [41] | AP6: [42] | AQ6: [43] | AR6: [44] | AS6: [45] | AT6: [46] | AU6: [47] | AV6: [48] | AW6: [49] | AX6: [50] | AY6: [51] | AZ6: [52] | BA6: [53] | BB6: [54] | BC6: [55] | BD6: [56] | BE6: [57] | BF6: [58] | BG6: [59] | BH6: [60] | BI6: [61] | BJ6: [62] | BK6: [63] | BL6: [64]
A7: 1 | B7: KABUPATEN CILACAP | C7: 8738 | D7: 945 | E7: 10.81 | F7: 571 | G7: 6.53 | H7: 1752 | I7: 20.05 | J7: 1428 | K7: 16.34 | L7: 1185 | M7: 210 | N7: 17.72 | O7: 218 | P7: 38.18 | Q7: 8380 | R7: 95.9 | S7: 157153 | T7: 80534 | U7: 78886 | V7: 97.95 | W7: 79392 | X7: 98.58 | Y7: 56930 | Z7: 35260 | AA7: 1693 | AB7: 4.8 | AC7: 34110 | AD7: 96.74 | AE7: 17994 | AF7: 10025 | AG7: 55.71 | AH7: 76813 | AI7: 43299 | AJ7: 56.37 | AK7: 94807 | AL7: 53324 | AM7: 56.24 | AN7: 48037 | AO7: 30.57 | AP7: 29133 | AQ7: 51.17 | AR7: 69941 | AS7: 1368 | AT7: 550 | AU7: 566 | AV7: 77 | AW7: 33.52 | AX7: 30917 | AY7: 444 | AZ7: 180 | BA7: 95 | BB7: 169 | BC7: 42.31 | BD7: 10658 | BE7: 4066 | BF7: 3068 | BG7: 3.81 | BH7: 110 | BI7: 0.31 | BJ7: 20648 | BK7: 5464 | BL7: 26.46
A8: 2 | B8: KABUPATEN BANYUMAS | C8: 8481 | D8: 778 | E8: 9.17 | F8: 796 | G8: 9.39 | H8: 2210 | I8: 26.06 | J8: 973 | K8: 11.47 | L8: 1069 | M8: 637 | N8: 59.59 | O8: 578 | P8: 72.61 | Q8: 7864 | R8: 92.72 | S8: 118980 | T8: 70835 | U8: 70548 | V8: 99.59 | W8: 70504 | X8: 99.53 | Y8: 54547 | Z8: 31462 | AA8: 2892 | AB8: 9.19 | AC8: 31335 | AD8: 99.6 | AE8: 50706 | AF8: 6113 | AG8: 12.06 | AH8: 191342 | AI8: 21355 | AJ8: 11.16 | AK8: 242048 | AL8: 27468 | AM8: 11.35 | AN8: 64787 | AO8: 54.45 | AP8: 23949 | AQ8: 43.91 | AR8: 77573 | AS8: 1573 | AT8: 106 | AU8: 101 | AV8: 141 | AW8: 14.41 | AX8: 27016 | AY8: 476 | AZ8: 44 | BA8: 11 | BB8: 45 | BC8: 10.77 | BD8: 18023 | BE8: 7310 | BF8: 2653 | BG8: 3.75 | BH8: 167 | BI8: 0.53 | BJ8: 17539 | BK8: 8010 | BL8: 45.67
A9: 3 | B9: KABUPATEN PURBALINGGA | C9: 5138 | D9: 446 | E9: 8.68 | F9: 470 | G9: 9.15 | H9: 1492 | I9: 29.04 | J9: 663 | K9: 12.9 | L9: 665 | M9: 384 | N9: 57.74 | O9: 311 | P9: 66.17 | Q9: 4796 | R9: 93.34 | S9: 82377 | T9: 44701 | U9: 43075 | V9: 96.36 | W9: 44707 | X9: 100.01 | Y9: 31950 | Z9: 18823 | AA9: 2061 | AB9: 10.95 | AC9: 18740 | AD9: 99.56 | AE9: 13008 | AF9: 3405 | AG9: 26.18 | AH9: 52649 | AI9: 12263 | AJ9: 23.29 | AK9: 65657 | AL9: 15668 | AM9: 23.86 | AN9: 29910 | AO9: 36.31 | AP9: 6732 | AQ9: 21.07 | AR9: 51638 | AS9: 206 | AT9: 79 | AU9: 65 | AV9: 104 | AW9: 59.3 | AX9: 5733 | AY9: 40 | AZ9: 5 | BA9: 32 | BB9: 346 | BC9: 840 | BD9: 12780 | BE9: 2445 | BF9: 770 | BG9: 1.72 | BH9: 29 | BI9: 0.15 | BJ9: 11237 | BK9: 3768 | BL9: 33.53
A10: 4 | B10: KABUPATEN BANJARNEGARA | C10: 3955 | D10: 400 | E10: 10.11 | F10: 319 | G10: 8.07 | H10: 949 | I10: 23.99 | J10: 624 | K10: 15.78 | L10: 500 | M10: 214 | N10: 42.8 | O10: 195 | P10: 61.13 | Q10: 3382 | R10: 85.51 | S10: 70831 | T10: 44533 | U10: 42224 | V10: 94.82 | W10: 44366 | X10: 99.62 | Y10: 30807 | Z10: 19883 | AA10: 1956 | AB10: 9.84 | AC10: 19816 | AD10: 99.66 | AE10: 30809 | AF10: 2917 | AG10: 9.47 | AH10: 115380 | AI10: 10140 | AJ10: 8.79 | AK10: 146189 | AL10: 13057 | AM10: 8.93 | AN10: 27654 | AO10: 39.04 | AP10: 17037 | AQ10: 55.3 | AR10: 48579 | AS10: 1394 | AT10: 95 | AU10: 82 | AV10: 39 | AW10: 8.13 | AX10: 18751 | AY10: 213 | AZ10: 108 | BA10: 7 | BB10: 29 | BC10: 11.21 | BD10: 13030 | BE10: 4263 | BF10: 643 | BG10: 1.44 | BH10: 5 | BI10: 0.03 | BJ10: 10530 | BK10: 5259 | BL10: 49.94
A11: 5 | B11: KABUPATEN KEBUMEN | C11: 3199 | D11: 348 | E11: 10.88 | F11: 244 | G11: 7.63 | H11: 830 | I11: 25.95 | J11: 483 | K11: 15.1 | L11: 349 | M11: 101 | N11: 28.94 | O11: 98 | P11: 40.16 | Q11: 2640 | R11: 82.53 | S11: 66775 | T11: 54809 | U11: 53823 | V11: 98.2 | W11: 54585 | X11: 99.59 | Y11: 30411 | Z11: 13312 | AA11: 317 | AB11: 2.38 | AC11: 13075 | AD11: 98.22 | AE11: 22501 | AF11: 664 | AG11: 2.95 | AH11: 85294 | AI11: 1869 | AJ11: 2.19 | AK11: 107795 | AL11: 2533 | AM11: 2.35 | AN11: 15984 | AO11: 23.94 | AP11: 8976 | AQ11: 29.52 | AR11: 24071 | AS11: 870 | AT11: 74 | AU11: 90 | AV11: 180 | AW11: 28.6 | AX11: 6495 | AY11: 296 | AZ11: 28 | BA11: 89 | BB11: 28 | BC11: 36.11 | BD11: 1698 | BE11: 690 | BF11: 811 | BG11: 1.48 | BH11: 0 | BI11: 0 | BJ11: 7564 | BK11: 4729 | BL11: 62.52
A12: 6 | B12: KABUPATEN PURWOREJO | C12: 1606 | D12: 140 | E12: 8.72 | F12: 103 | G12: 6.41 | H12: 555 | I12: 34.56 | J12: 174 | K12: 10.83 | L12: 177 | M12: 61 | N12: 34.46 | O12: 54 | P12: 52.43 | Q12: 1391 | R12: 86.61 | S12: 39377 | T12: 27824 | U12: 27352 | V12: 98.3 | W12: 27527 | X12: 98.93 | Y12: 14956 | Z12: 7539 | AA12: 373 | AB12: 4.95 | AC12: 7455 | AD12: 98.89 | AE12: 6938 | AF12: 746 | AG12: 10.75 | AH12: 27236 | AI12: 2721 | AJ12: 9.99 | AK12: 34174 | AL12: 3467 | AM12: 10.15 | AN12: 6160 | AO12: 15.64 | AP12: 2348 | AQ12: 15.7 | AR12: 11628 | AS12: 241 | AT12: 9 | AU12: 31 | AV12: 24 | AW12: 22 | AX12: 5228 | AY12: 434 | AZ12: 13 | BA12: 1 | BB12: 18 | BC12: 4.25 | BD12: 1990 | BE12: 919 | BF12: 618 | BG12: 2.22 | BH12: 1 | BI12: 0.01 | BJ12: 3588 | BK12: 1146 | BL12: 31.94
A13: 7 | B13: KABUPATEN WONOSOBO | C13: 1690 | D13: 149 | E13: 8.82 | F13: 115 | G13: 6.8 | H13: 453 | I13: 26.8 | J13: 188 | K13: 11.12 | L13: 194 | M13: 65 | N13: 33.51 | O13: 46 | P13: 40 | Q13: 1572 | R13: 93.02 | S13: 34941 | T13: 36503 | U13: 35421 | V13: 97.04 | W13: 36469 | X13: 99.91 | Y13: 18885 | Z13: 7813 | AA13: 285 | AB13: 3.65 | AC13: 7730 | AD13: 98.94 | AE13: 7653 | AF13: 142 | AG13: 1.86 | AH13: 29469 | AI13: 514 | AJ13: 1.74 | AK13: 37122 | AL13: 656 | AM13: 1.77 | AN13: 11590 | AO13: 33.17 | AP13: 3912 | AQ13: 20.71 | AR13: 13859 | AS13: 172 | AT13: 19 | AU13: 29 | AV13: 4 | AW13: 17.28 | AX13: 4313 | AY13: 265 | AZ13: 0 | BA13: 0 | BB13: 0 | BC13: 0 | BD13: 1665 | BE13: 536 | BF13: 703 | BG13: 1.93 | BH13: 6 | BI13: 0.08 | BJ13: 4242 | BK13: 417 | BL13: 9.83
A14: 8 | B14: KABUPATEN MAGELANG | C14: 1511 | D14: 180 | E14: 11.91 | F14: 108 | G14: 7.15 | H14: 480 | I14: 31.77 | J14: 224 | K14: 14.82 | L14: 154 | M14: 29 | N14: 18.83 | O14: 27 | P14: 25 | Q14: 1436 | R14: 95.04 | S14: 56988 | T14: 52299 | U14: 50091 | V14: 95.78 | W14: 52104 | X14: 99.63 | Y14: 21840 | Z14: 9766 | AA14: 293 | AB14: 3 | AC14: 9722 | AD14: 99.55 | AE14: 18806 | AF14: 683 | AG14: 3.63 | AH14: 68633 | AI14: 2307 | AJ14: 3.36 | AK14: 87439 | AL14: 2990 | AM14: 3.42 | AN14: 20218 | AO14: 35.48 | AP14: 9567 | AQ14: 43.8 | AR14: 18275 | AS14: 143 | AT14: 5 | AU14: 99 | AV14: 70 | AW14: 114.19 | AX14: 7212 | AY14: 271 | AZ14: 5 | BA14: 20 | BB14: 4 | BC14: 8.7 | BD14: 1524 | BE14: 705 | BF14: 669 | BG14: 1.28 | BH14: 0 | BI14: 0 | BJ14: 5141 | BK14: 1633 | BL14: 31.76
A15: 9 | B15: KABUPATEN BOYOLALI | C15: 2798 | D15: 379 | E15: 13.55 | F15: 136 | G15: 4.86 | H15: 601 | I15: 21.48 | J15: 222 | K15: 7.93 | L15: 351 | M15: 68 | N15: 19.37 | O15: 57 | P15: 41.91 | Q15: 2649 | R15: 94.67 | S15: 57604 | T15: 44415 | U15: 42790 | V15: 96.34 | W15: 37901 | X15: 85.33 | Y15: 24661 | Z15: 19135 | AA15: 437 | AB15: 2.28 | AC15: 13785 | AD15: 72.04 | AE15: 24663 | AF15: 804 | AG15: 3.26 | AH15: 99441 | AI15: 2713 | AJ15: 2.73 | AK15: 124104 | AL15: 3517 | AM15: 2.83 | AN15: 31407 | AO15: 54.52 | AP15: 13609 | AQ15: 55.18 | AR15: 48147 | AS15: 545 | AT15: 117 | AU15: 95 | AV15: 48 | AW15: 21.6 | AX15: 16889 | AY15: 364 | AZ15: 118 | BA15: 9 | BB15: 132 | BC15: 29.25 | BD15: 6154 | BE15: 2046 | BF15: 1507 | BG15: 3.39 | BH15: 28 | BI15: 0.15 | BJ15: 8344 | BK15: 1860 | BL15: 22.29
A16: 10 | B16: KABUPATEN KLATEN | C16: 4960 | D16: 571 | E16: 11.51 | F16: 398 | G16: 8.02 | H16: 1394 | I16: 28.1 | J16: 422 | K16: 8.51 | L16: 742 | M16: 209 | N16: 28.17 | O16: 217 | P16: 54.52 | Q16: 4747 | R16: 95.71 | S16: 86642 | T16: 47967 | U16: 47311 | V16: 98.63 | W16: 45428 | X16: 94.71 | Y16: 34786 | Z16: 21518 | AA16: 2026 | AB16: 9.42 | AC16: 17659 | AD16: 82.07 | AE16: 25216 | AF16: 2631 | AG16: 10.43 | AH16: 96831 | AI16: 7710 | AJ16: 7.96 | AK16: 122047 | AL16: 10341 | AM16: 8.47 | AN16: 32079 | AO16: 37.02 | AP16: 9773 | AQ16: 28.09 | AR16: 40336 | AS16: 1006 | AT16: 318 | AU16: 183 | AV16: 145 | AW16: 24.77 | AX16: 12618 | AY16: 170 | AZ16: 16 | BA16: 22 | BB16: 70 | BC16: 49.46 | BD16: 6494 | BE16: 2407 | BF16: 718 | BG16: 1.5 | BH16: 39 | BI16: 0.18 | BJ16: 10844 | BK16: 5194 | BL16: 47.9
A17: 11 | B17: KABUPATEN SUKOHARJO | C17: 4418 | D17: 357 | E17: 8.08 | F17: 267 | G17: 6.04 | H17: 984 | I17: 22.27 | J17: 303 | K17: 6.86 | L17: 418 | M17: 164 | N17: 39.23 | O17: 151 | P17: 56.55 | Q17: 4266 | R17: 96.56 | S17: 65656 | T17: 35806 | U17: 35754 | V17: 99.85 | W17: 35803 | X17: 99.99 | Y17: 25186 | Z17: 17577 | AA17: 5194 | AB17: 29.55 | AC17: 17083 | AD17: 97.19 | AE17: 20546 | AF17: 3530 | AG17: 17.18 | AH17: 75883 | AI17: 12941 | AJ17: 17.05 | AK17: 96429 | AL17: 16471 | AM17: 17.08 | AN17: 36809 | AO17: 56.06 | AP17: 4288 | AQ17: 17.03 | AR17: 65295 | AS17: 274 | AT17: 58 | AU17: 25 | AV17: 70 | AW17: 28.61 | AX17: 5773 | AY17: 76 | AZ17: 0 | BA17: 0 | BB17: 0 | BC17: 0 | BD17: 14809 | BE17: 4368 | BF17: 2662 | BG17: 7.43 | BH17: 600 | BI17: 3.41 | BJ17: 8778 | BK17: 4114 | BL17: 46.87
A18: 12 | B18: KABUPATEN WONOGIRI | C18: 1848 | D18: 275 | E18: 14.88 | F18: 146 | G18: 7.9 | H18: 549 | I18: 29.71 | J18: 228 | K18: 12.34 | L18: 310 | M18: 89 | N18: 28.71 | O18: 87 | P18: 59.59 | Q18: 1685 | R18: 91.18 | S18: 34234 | T18: 31633 | U18: 31497 | V18: 99.57 | W18: 31356 | X18: 99.12 | Y18: 14447 | Z18: 11440 | AA18: 1346 | AB18: 11.77 | AC18: 11259 | AD18: 98.42 | AE18: 12590 | AF18: 1164 | AG18: 9.25 | AH18: 46915 | AI18: 4004 | AJ18: 8.53 | AK18: 59505 | AL18: 5168 | AM18: 8.68 | AN18: 62500 | AO18: 182.57 | AP18: 22838 | AQ18: 158.08 | AR18: 84526 | AS18: 1262 | AT18: 220 | AU18: 98 | AV18: 265 | AW18: 24.49 | AX18: 24707 | AY18: 414 | AZ18: 54 | BA18: 80 | BB18: 99 | BC18: 38.25 | BD18: 8787 | BE18: 3080 | BF18: 1468 | BG18: 4.64 | BH18: 59 | BI18: 0.52 | BJ18: 5872 | BK18: 2656 | BL18: 45.23
A19: 13 | B19: KABUPATEN KARANGANYAR | C19: 786 | D19: 54 | E19: 6.87 | F19: 51 | G19: 6.49 | H19: 184 | I19: 23.41 | J19: 57 | K19: 7.25 | L19: 64 | M19: 16 | N19: 25 | O19: 15 | P19: 29.41 | Q19: 693 | R19: 88.17 | S19: 18947 | T19: 39451 | U19: 37802 | V19: 95.82 | W19: 39322 | X19: 99.67 | Y19: 7271 | Z19: 3569 | AA19: 77 | AB19: 2.16 | AC19: 3504 | AD19: 98.18 | AE19: 5763 | AF19: 102 | AG19: 1.77 | AH19: 20296 | AI19: 306 | AJ19: 1.51 | AK19: 26059 | AL19: 408 | AM19: 1.57 | AN19: 5481 | AO19: 28.93 | AP19: 2511 | AQ19: 34.53 | AR19: 5491 | AS19: 17 | AT19: 3 | AU19: 2 | AV19: 4 | AW19: 30 | AX19: 2286 | AY19: 49 | AZ19: 4 | BA19: 0 | BB19: 0 | BC19: 0 | BD19: 783 | BE19: 390 | BF19: 206 | BG19: 0.52 | BH19: 2 | BI19: 0.06 | BJ19: 1809 | BK19: 237 | BL19: 13.1
A20: 14 | B20: KABUPATEN SRAGEN | C20: 1132 | D20: 104 | E20: 9.19 | F20: 57 | G20: 5.04 | H20: 206 | I20: 18.2 | J20: 84 | K20: 7.42 | L20: 119 | M20: 29 | N20: 24.37 | O20: 28 | P20: 49.12 | Q20: 1057 | R20: 93.37 | S20: 34598 | T20: 37302 | U20: 34854 | V20: 93.44 | W20: 37074 | X20: 99.39 | Y20: 10920 | Z20: 4586 | AA20: 50 | AB20: 1.09 | AC20: 4578 | AD20: 99.83 | AE20: 6606 | AF20: 112 | AG20: 1.7 | AH20: 24436 | AI20: 405 | AJ20: 1.66 | AK20: 31042 | AL20: 517 | AM20: 1.67 | AN20: 2846 | AO20: 8.23 | AP20: 961 | AQ20: 8.8 | AR20: 2567 | AS20: 32 | AT20: 0 | AU20: 0 | AV20: 7 | AW20: 21.88 | AX20: 665 | AY20: 7 | AZ20: 0 | BA20: 2 | BB20: 0 | BC20: 28.57 | BD20: 1194 | BE20: 122 | BF20: 565 | BG20: 1.51 | BH20: 0 | BI20: 0 | BJ20: 2813 | BK20: 338 | BL20: 12.02
A21: 15 | B21: KABUPATEN GROBOGAN | C21: 808 | D21: 100 | E21: 12.38 | F21: 47 | G21: 5.82 | H21: 136 | I21: 16.83 | J21: 135 | K21: 16.71 | L21: 119 | M21: 17 | N21: 14.29 | O21: 12 | P21: 25.53 | Q21: 772 | R21: 95.54 | S21: 35529 | T21: 59787 | U21: 56023 | V21: 93.7 | W21: 58345 | X21: 97.59 | Y21: 17147 | Z21: 7164 | AA21: 819 | AB21: 11.43 | AC21: 6961 | AD21: 97.17 | AE21: 9703 | AF21: 1977 | AG21: 20.38 | AH21: 35357 | AI21: 4753 | AJ21: 13.44 | AK21: 45060 | AL21: 6730 | AM21: 14.94 | AN21: 12841 | AO21: 36.14 | AP21: 11239 | AQ21: 65.54 | AR21: 30045 | AS21: 4032 | AT21: 53 | AU21: 2 | AV21: 302 | AW21: 7.44 | AX21: 14152 | AY21: 77 | AZ21: 4 | BA21: 2 | BB21: 4 | BC21: 7.41 | BD21: 6228 | BE21: 2032 | BF21: 1079 | BG21: 1.8 | BH21: 147 | BI21: 2.05 | BJ21: 3219 | BK21: 1845 | BL21: 57.32
A22: 16 | B22: KABUPATEN BLORA | C22: 4130 | D22: 311 | E22: 7.53 | F22: 275 | G22: 6.66 | H22: 667 | I22: 16.15 | J22: 318 | K22: 7.7 | L22: 403 | M22: 262 | N22: 65.01 | O22: 221 | P22: 80.36 | Q22: 3917 | R22: 94.84 | S22: 64675 | T22: 34618 | U22: 34270 | V22: 98.99 | W22: 34000 | X22: 98.21 | Y22: 22298 | Z22: 16648 | AA22: 5889 | AB22: 35.37 | AC22: 16437 | AD22: 98.73 | AE22: 15481 | AF22: 5247 | AG22: 33.89 | AH22: 57682 | AI22: 19667 | AJ22: 34.1 | AK22: 73163 | AL22: 24914 | AM22: 34.05 | AN22: 23888 | AO22: 36.94 | AP22: 12197 | AQ22: 54.7 | AR22: 84129 | AS22: 419 | AT22: 52 | AU22: 32 | AV22: 152 | AW22: 39.07 | AX22: 29187 | AY22: 208 | AZ22: 15 | BA22: 12 | BB22: 15 | BC22: 12.11 | BD22: 15044 | BE22: 6970 | BF22: 999 | BG22: 2.89 | BH22: 55 | BI22: 0.33 | BJ22: 8407 | BK22: 7012 | BL22: 83.41
A23: 17 | B23: KABUPATEN REMBANG | C23: 3529 | D23: 259 | E23: 7.34 | F23: 208 | G23: 5.89 | H23: 409 | I23: 11.59 | J23: 285 | K23: 8.08 | L23: 300 | M23: 178 | N23: 59.33 | O23: 155 | P23: 74.52 | Q23: 3018 | R23: 85.52 | S23: 48665 | T23: 29429 | U23: 26579 | V23: 90.32 | W23: 28876 | X23: 98.12 | Y23: 19405 | Z23: 13449 | AA23: 3417 | AB23: 25.41 | AC23: 13374 | AD23: 99.44 | AE23: 6596 | AF23: 1067 | AG23: 16.18 | AH23: 26956 | AI23: 4210 | AJ23: 15.62 | AK23: 33552 | AL23: 5277 | AM23: 15.73 | AN23: 25649 | AO23: 52.71 | AP23: 9733 | AQ23: 50.16 | AR23: 39777 | AS23: 403 | AT23: 22 | AU23: 23 | AV23: 43 | AW23: 15.53 | AX23: 13368 | AY23: 221 | AZ23: 9 | BA23: 1 | BB23: 11 | BC23: 5.22 | BD23: 11049 | BE23: 4245 | BF23: 840 | BG23: 2.85 | BH23: 24 | BI23: 0.18 | BJ23: 6951 | BK23: 1525 | BL23: 21.94
A24: 18 | B24: KABUPATEN PATI | C24: 3195 | D24: 232 | E24: 7.26 | F24: 170 | G24: 5.32 | H24: 476 | I24: 14.9 | J24: 169 | K24: 5.29 | L24: 311 | M24: 78 | N24: 25.08 | O24: 82 | P24: 48.24 | Q24: 3018 | R24: 94.46 | S24: 38299 | T24: 54248 | U24: 50435 | V24: 92.97 | W24: 53955 | X24: 99.46 | Y24: 20638 | Z24: 13397 | AA24: 952 | AB24: 7.11 | AC24: 13313 | AD24: 99.37 | AE24: 14734 | AF24: 1287 | AG24: 8.73 | AH24: 55180 | AI24: 4056 | AJ24: 7.35 | AK24: 69914 | AL24: 5343 | AM24: 7.64 | AN24: 14704 | AO24: 38.39 | AP24: 15018 | AQ24: 72.77 | AR24: 44011 | AS24: 477 | AT24: 50 | AU24: 80 | AV24: 23 | AW24: 19.54 | AX24: 21541 | AY24: 942 | AZ24: 12 | BA24: 10 | BB24: 46 | BC24: 5.87 | BD24: 5891 | BE24: 2949 | BF24: 931 | BG24: 1.72 | BH24: 123 | BI24: 0.92 | BJ24: 6552 | BK24: 1804 | BL24: 27.53
A25: 19 | B25: KABUPATEN KUDUS | C25: 4559 | D25: 236 | E25: 5.18 | F25: 187 | G25: 4.1 | H25: 642 | I25: 14.08 | J25: 138 | K25: 3.03 | L25: 344 | M25: 110 | N25: 31.98 | O25: 84 | P25: 44.92 | Q25: 4153 | R25: 91.09 | S25: 65479 | T25: 40677 | U25: 39944 | V25: 98.2 | W25: 40544 | X25: 99.67 | Y25: 26403 | Z25: 13733 | AA25: 1366 | AB25: 9.95 | AC25: 13790 | AD25: 100.42 | AE25: 9055 | AF25: 245 | AG25: 2.71 | AH25: 31836 | AI25: 580 | AJ25: 1.82 | AK25: 40891 | AL25: 825 | AM25: 2.02 | AN25: 48860 | AO25: 74.62 | AP25: 17815 | AQ25: 67.47 | AR25: 48619 | AS25: 581 | AT25: 259 | AU25: 293 | AV25: 203 | AW25: 59.05 | AX25: 15693 | AY25: 390 | AZ25: 18 | BA25: 105 | BB25: 9 | BC25: 27.94 | BD25: 8550 | BE25: 2878 | BF25: 1566 | BG25: 3.85 | BH25: 44 | BI25: 0.32 | BJ25: 11060 | BK25: 4969 | BL25: 44.93
A26: 20 | B26: KABUPATEN JEPARA | C26: 3916 | D26: 365 | E26: 9.32 | F26: 196 | G26: 5.01 | H26: 595 | I26: 15.19 | J26: 378 | K26: 9.65 | L26: 466 | M26: 77 | N26: 16.52 | O26: 77 | P26: 39.29 | Q26: 3751 | R26: 95.79 | S26: 90322 | T26: 56278 | U26: 54437 | V26: 96.73 | W26: 56167 | X26: 99.8 | Y26: 35980 | Z26: 20884 | AA26: 443 | AB26: 2.12 | AC26: 20740 | AD26: 99.31 | AE26: 19704 | AF26: 299 | AG26: 1.52 | AH26: 80818 | AI26: 896 | AJ26: 1.11 | AK26: 100522 | AL26: 1195 | AM26: 1.19 | AN26: 44052 | AO26: 48.77 | AP26: 16245 | AQ26: 45.15 | AR26: 53728 | AS26: 904 | AT26: 150 | AU26: 143 | AV26: 48 | AW26: 18.12 | AX26: 26119 | AY26: 797 | AZ26: 1839 | BA26: 36 | BB26: 2 | BC26: 1.44 | BD26: 6881 | BE26: 2639 | BF26: 2402 | BG26: 4.27 | BH26: 89 | BI26: 0.43 | BJ26: 10526 | BK26: 3582 | BL26: 34.03
A27: 21 | B27: KABUPATEN DEMAK | C27: 4429 | D27: 377 | E27: 8.51 | F27: 176 | G27: 3.97 | H27: 444 | I27: 10.02 | J27: 235 | K27: 5.31 | L27: 431 | M27: 87 | N27: 20.19 | O27: 83 | P27: 47.16 | Q27: 4126 | R27: 93.16 | S27: 85912 | T27: 64195 | U27: 63952 | V27: 99.62 | W27: 62931 | X27: 98.03 | Y27: 35486 | Z27: 19797 | AA27: 3577 | AB27: 18.07 | AC27: 19300 | AD27: 97.49 | AE27: 22060 | AF27: 3961 | AG27: 17.96 | AH27: 90562 | AI27: 12073 | AJ27: 13.33 | AK27: 112622 | AL27: 16034 | AM27: 14.24 | AN27: 57761 | AO27: 67.23 | AP27: 21735 | AQ27: 61.25 | AR27: 63211 | AS27: 547 | AT27: 284 | AU27: 102 | AV27: 226 | AW27: 39.47 | AX27: 21583 | AY27: 301 | AZ27: 104 | BA27: 25 | BB27: 437 | BC27: 114.07 | BD27: 7635 | BE27: 3036 | BF27: 2324 | BG27: 3.62 | BH27: 339 | BI27: 1.71 | BJ27: 11304 | BK27: 7165 | BL27: 63.38
A28: 22 | B28: KABUPATEN SEMARANG | C28: 2064 | D28: 247 | E28: 11.97 | F28: 108 | G28: 5.23 | H28: 276 | I28: 13.37 | J28: 191 | K28: 9.25 | L28: 240 | M28: 55 | N28: 22.92 | O28: 44 | P28: 40.74 | Q28: 1947 | R28: 94.33 | S28: 49344 | T28: 50372 | U28: 49291 | V28: 97.85 | W28: 50211 | X28: 99.68 | Y28: 19525 | Z28: 11714 | AA28: 271 | AB28: 2.31 | AC28: 11713 | AD28: 99.99 | AE28: 12315 | AF28: 914 | AG28: 7.42 | AH28: 46561 | AI28: 3178 | AJ28: 6.83 | AK28: 58876 | AL28: 4092 | AM28: 6.95 | AN28: 23321 | AO28: 47.26 | AP28: 7514 | AQ28: 38.48 | AR28: 23172 | AS28: 112 | AT28: 44 | AU28: 28 | AV28: 44 | AW28: 46.15 | AX28: 5673 | AY28: 26 | AZ28: 7 | BA28: 2 | BB28: 744 | BC28: 2260.61 | BD28: 5949 | BE28: 2961 | BF28: 890 | BG28: 1.77 | BH28: 15 | BI28: 0.13 | BJ28: 6345 | BK28: 3198 | BL28: 50.4
A29: 23 | B29: KABUPATEN TEMANGGUNG | C29: 2144 | D29: 168 | E29: 7.84 | F29: 148 | G29: 6.9 | H29: 384 | I29: 17.91 | J29: 234 | K29: 10.91 | L29: 213 | M29: 72 | N29: 33.8 | O29: 63 | P29: 42.57 | Q29: 1949 | R29: 90.9 | S29: 53950 | T29: 26906 | U29: 26491 | V29: 98.46 | W29: 26087 | X29: 96.96 | Y29: 21776 | Z29: 12331 | AA29: 2978 | AB29: 24.15 | AC29: 12246 | AD29: 99.31 | AE29: 15265 | AF29: 554 | AG29: 3.63 | AH29: 58859 | AI29: 1716 | AJ29: 2.92 | AK29: 74124 | AL29: 2270 | AM29: 3.06 | AN29: 17126 | AO29: 31.74 | AP29: 7720 | AQ29: 35.45 | AR29: 21207 | AS29: 367 | AT29: 120 | AU29: 21 | AV29: 58 | AW29: 16.22 | AX29: 8266 | AY29: 251 | AZ29: 166 | BA29: 12 | BB29: 218 | BC29: 55.16 | BD29: 6589 | BE29: 1926 | BF29: 962 | BG29: 3.58 | BH29: 9 | BI29: 0.07 | BJ29: 6486 | BK29: 3006 | BL29: 46.35
A30: 24 | B30: KABUPATEN KENDAL | C30: 5472 | D30: 578 | E30: 10.56 | F30: 355 | G30: 6.49 | H30: 982 | I30: 17.95 | J30: 562 | K30: 10.27 | L30: 693 | M30: 168 | N30: 24.24 | O30: 159 | P30: 44.79 | Q30: 4958 | R30: 90.61 | S30: 79007 | T30: 45514 | U30: 44509 | V30: 97.79 | W30: 45304 | X30: 99.54 | Y30: 29077 | Z30: 16739 | AA30: 693 | AB30: 4.14 | AC30: 16773 | AD30: 100.2 | AE30: 20821 | AF30: 1981 | AG30: 9.51 | AH30: 80907 | AI30: 7389 | AJ30: 9.13 | AK30: 101728 | AL30: 9370 | AM30: 9.21 | AN30: 24284 | AO30: 30.74 | AP30: 9969 | AQ30: 34.28 | AR30: 41099 | AS30: 787 | AT30: 46 | AU30: 32 | AV30: 41 | AW30: 8.76 | AX30: 10796 | AY30: 650 | AZ30: 27 | BA30: 177 | BB30: 2 | BC30: 26.44 | BD30: 8760 | BE30: 1629 | BF30: 1647 | BG30: 3.62 | BH30: 100 | BI30: 0.6 | BJ30: 10690 | BK30: 3426 | BL30: 32.05
A31: 25 | B31: KABUPATEN BATANG | C31: 5140 | D31: 319 | E31: 6.21 | F31: 341 | G31: 6.63 | H31: 715 | I31: 13.91 | J31: 499 | K31: 9.71 | L31: 453 | M31: 338 | N31: 74.61 | O31: 313 | P31: 91.79 | Q31: 4912 | R31: 95.56 | S31: 65430 | T31: 38095 | U31: 36347 | V31: 95.41 | W31: 38006 | X31: 99.77 | Y31: 25843 | Z31: 14849 | AA31: 802 | AB31: 5.4 | AC31: 13534 | AD31: 91.14 | AE31: 6926 | AF31: 6385 | AG31: 92.19 | AH31: 28621 | AI31: 24979 | AJ31: 87.28 | AK31: 35547 | AL31: 31364 | AM31: 88.23 | AN31: 20463 | AO31: 31.27 | AP31: 11395 | AQ31: 44.09 | AR31: 60837 | AS31: 935 | AT31: 25 | AU31: 16 | AV31: 6 | AW31: 2.29 | AX31: 9207 | AY31: 76 | AZ31: 15 | BA31: 3 | BB31: 0 | BC31: 3.3 | BD31: 8550 | BE31: 2243 | BF31: 1118 | BG31: 2.93 | BH31: 46 | BI31: 0.31 | BJ31: 10582 | BK31: 3887 | BL31: 36.73
A32: 26 | B32: KABUPATEN PEKALONGAN | C32: 3664 | D32: 295 | E32: 8.05 | F32: 206 | G32: 5.62 | H32: 613 | I32: 16.73 | J32: 386 | K32: 10.53 | L32: 351 | M32: 135 | N32: 38.46 | O32: 132 | P32: 64.08 | Q32: 3406 | R32: 92.96 | S32: 68497 | T32: 44972 | U32: 42713 | V32: 94.98 | W32: 44839 | X32: 99.7 | Y32: 31562 | Z32: 12273 | AA32: 1579 | AB32: 12.87 | AC32: 12121 | AD32: 98.76 | AE32: 19308 | AF32: 824 | AG32: 4.27 | AH32: 72271 | AI32: 2737 | AJ32: 3.79 | AK32: 91579 | AL32: 3561 | AM32: 3.89 | AN32: 47847 | AO32: 69.85 | AP32: 9883 | AQ32: 31.31 | AR32: 29848 | AS32: 119 | AT32: 192 | AU32: 15 | AV32: 66 | AW32: 26.05 | AX32: 10470 | AY32: 317 | AZ32: 21 | BA32: 26 | BB32: 42 | BC32: 20.12 | BD32: 5654 | BE32: 2465 | BF32: 772 | BG32: 1.72 | BH32: 20 | BI32: 0.16 | BJ32: 9014 | BK32: 5029 | BL32: 55.79
... A35: 29 | B35: KABUPATEN BREBES | C35: 3972 | D35: 638 | E35: 16.06 | F35: 220 | G35: 5.54 | H35: 786 | I35: 19.79 | J35: 479 | K35: 12.06 | L35: 699 | M35: 92 | N35: 13.16 | O35: 91 | P35: 41.36 | Q35: 3663 | R35: 92.22 | S35: 89407 | T35: 82605 | U35: 73892 | V35: 89.45 | W35: 82494 | X35: 99.87 | Y35: 28084 | Z35: 13125 | AA35: 762 | AB35: 5.81 | AC35: 13114 | AD35: 99.92 | AE35: 13803 | AF35: 317 | AG35: 2.3 | AH35: 51596 | AI35: 691 | AJ35: 1.34 | AK35: 65399 | AL35: 1008 | AM35: 1.54 | AN35: 20502 | AO35: 22.93 | AP35: 3161 | AQ35: 11.26 | AR35: 29600 | AS35: 1489 | AT35: 38 | AU35: 63 | AV35: 62 | AW35: 8.19 | AX35: 3571 | AY35: 165 | AZ35: 28 | BA35: 12 | BB35: 54 | BC35: 34.2 | BD35: 3716 | BE35: 1975 | BF35: 1614 | BG35: 1.95 | BH35: 4 | BI35: 0.03 | BJ35: 9235 | BK35: 1517 | BL35: 16.43
A36: 30 | B36: KOTA MAGELANG | C36: 369 | D36: 20 | E36: 5.42 | F36: 23 | G36: 6.23 | H36: 165 | I36: 44.72 | J36: 35 | K36: 9.49 | L36: 34 | M36: 15 | N36: 44.12 | O36: 17 | P36: 73.91 | Q36: 301 | R36: 81.57 | S36: 6976 | T36: 3295 | U36: 3193 | V36: 96.9 | W36: 3294 | X36: 99.97 | Y36: 2839 | Z36: 1671 | AA36: 12 | AB36: 0.72 | AC36: 1671 | AD36: 100 | AE36: 1597 | AF36: 180 | AG36: 11.27 | AH36: 6222 | AI36: 510 | AJ36: 8.2 | AK36: 7819 | AL36: 690 | AM36: 8.82 | AN36: 2396 | AO36: 34.35 | AP36: 1665 | AQ36: 58.65 | AR36: 2290 | AS36: 62 | AT36: 58 | AU36: 57 | AV36: 44 | AW36: 84.17 | AX36: 1628 | AY36: 38 | AZ36: 20 | BA36: 33 | BB36: 20 | BC36: 91.38 | BD36: 486 | BE36: 127 | BF36: 59 | BG36: 1.79 | BH36: 0 | BI36: 0 | BJ36: 772 | BK36: 195 | BL36: 25.26
A37: 31 | B37: KOTA SURAKARTA | C37: 1178 | D37: 62 | E37: 5.26 | F37: 68 | G37: 5.77 | H37: 275 | I37: 23.34 | J37: 44 | K37: 3.74 | L37: 84 | M37: 37 | N37: 44.05 | O37: 29 | P37: 42.65 | Q37: 1145 | R37: 97.2 | S37: 35043 | T37: 16480 | U37: 16329 | V37: 99.08 | W37: 16464 | X37: 99.9 | Y37: 13391 | Z37: 7172 | AA37: 950 | AB37: 13.25 | AC37: 7123 | AD37: 99.32 | AE37: 9429 | AF37: 1639 | AG37: 17.38 | AH37: 36669 | AI37: 6041 | AJ37: 16.47 | AK37: 46098 | AL37: 7680 | AM37: 16.66 | AN37: 10536 | AO37: 30.07 | AP37: 6677 | AQ37: 49.86 | AR37: 10903 | AS37: 221 | AT37: 152 | AU37: 47 | AV37: 151 | AW37: 53.08 | AX37: 7427 | AY37: 27 | AZ37: 50 | BA37: 26 | BB37: 46 | BC37: 93.51 | BD37: 2486 | BE37: 975 | BF37: 101 | BG37: 0.61 | BH37: 0 | BI37: 0 | BJ37: 3190 | BK37: 1256 | BL37: 39.37
A38: 32 | B38: KOTA SALATIGA | C38: 787 | D38: 30 | E38: 3.81 | F38: 56 | G38: 7.12 | H38: 150 | I38: 19.06 | J38: 45 | K38: 5.72 | L38: 63 | M38: 51 | N38: 80.95 | O38: 48 | P38: 85.71 | Q38: 731 | R38: 92.88 | S38: 15553 | T38: 5837 | U38: 5549 | V38: 95.07 | W38: 5831 | X38: 99.9 | Y38: 5593 | Z38: 3144 | AA38: 888 | AB38: 28.24 | AC38: 3144 | AD38: 100 | AE38: 4351 | AF38: 1394 | AG38: 32.04 | AH38: 17701 | AI38: 4619 | AJ38: 26.09 | AK38: 22052 | AL38: 6013 | AM38: 27.27 | AN38: 8783 | AO38: 56.47 | AP38: 9329 | AQ38: 166.8 | AR38: 9464 | AS38: 86 | AT38: 12 | AU38: 26 | AV38: 12 | AW38: 38.78 | AX38: 8175 | AY38: 274 | AZ38: 40 | BA38: 36 | BB38: 36 | BC38: 22.93 | BD38: 1311 | BE38: 1146 | BF38: 51 | BG38: 0.87 | BH38: 0 | BI38: 0 | BJ38: 1546 | BK38: 831 | BL38: 53.75
A39: 33 | B39: KOTA SEMARANG | C39: 6029 | D39: 151 | E39: 2.5 | F39: 123 | G39: 2.04 | H39: 871 | I39: 14.45 | J39: 145 | K39: 2.41 | L39: 196 | M39: 82 | N39: 41.84 | O39: 49 | P39: 39.84 | Q39: 6033 | R39: 100.07 | S39: 103540 | T39: 62024 | U39: 55435 | V39: 89.38 | W39: 61972 | X39: 99.92 | Y39: 43140 | Z39: 20502 | AA39: 1360 | AB39: 6.63 | AC39: 20392 | AD39: 99.46 | AE39: 32050 | AF39: 3338 | AG39: 10.41 | AH39: 117208 | AI39: 12150 | AJ39: 10.37 | AK39: 149258 | AL39: 15488 | AM39: 10.38 | AN39: 31652 | AO39: 30.57 | AP39: 18301 | AQ39: 42.42 | AR39: 39167 | AS39: 1040 | AT39: 108 | AU39: 76 | AV39: 44 | AW39: 10.45 | AX39: 19519 | AY39: 762 | AZ39: 32 | BA39: 54 | BB39: 445 | BC39: 62.85 | BD39: 4092 | BE39: 2045 | BF39: 856 | BG39: 1.38 | BH39: 125 | BI39: 0.61 | BJ39: 12136 | BK39: 5173 | BL39: 42.63
A40: 34 | B40: KOTA PEKALONGAN | C40: 1962 | D40: 116 | E40: 5.91 | F40: 158 | G40: 8.05 | H40: 499 | I40: 25.43 | J40: 125 | K40: 6.37 | L40: 211 | M40: 133 | N40: 63.03 | O40: 153 | P40: 96.84 | Q40: 1931 | R40: 98.42 | S40: 26603 | T40: 13752 | U40: 13111 | V40: 95.34 | W40: 13552 | X40: 98.55 | Y40: 9821 | Z40: 6310 | AA40: 6172 | AB40: 97.81 | AC40: 6294 | AD40: 99.75 | AE40: 2467 | AF40: 1774 | AG40: 71.91 | AH40: 11067 | AI40: 8221 | AJ40: 74.28 | AK40: 13534 | AL40: 9995 | AM40: 73.85 | AN40: 9744 | AO40: 36.63 | AP40: 5888 | AQ40: 59.95 | AR40: 9387 | AS40: 208 | AT40: 145 | AU40: 143 | AV40: 146 | AW40: 81.87 | AX40: 5948 | AY40: 112 | AZ40: 103 | BA40: 84 | BB40: 103 | BC40: 86.98 | BD40: 1671 | BE40: 3178 | BF40: 732 | BG40: 5.32 | BH40: 534 | BI40: 8.46 | BJ40: 3763 | BK40: 3750 | BL40: 99.65
A41: 35 | B41: KOTA TEGAL | C41: 260 | D41: 8 | E41: 3.08 | F41: 16 | G41: 6.15 | H41: 60 | I41: 23.08 | J41: 10 | K41: 3.85 | L41: 15 | M41: 9 | N41: 60 | O41: 6 | P41: 37.5 | Q41: 249 | R41: 95.77 | S41: 10682 | T41: 7789 | U41: 7654 | V41: 98.27 | W41: 7780 | X41: 99.88 | Y41: 4472 | Z41: 948 | AA41: 34 | AB41: 3.59 | AC41: 919 | AD41: 96.94 | AE41: 1378 | AF41: 70 | AG41: 5.08 | AH41: 4499 | AI41: 207 | AJ41: 4.6 | AK41: 5877 | AL41: 277 | AM41: 4.71 | AN41: 4731 | AO41: 44.29 | AP41: 4936 | AQ41: 110.38 | AR41: 4576 | AS41: 0 | AT41: 0 | AU41: 0 | AV41: 0 | AW41: 0 | AX41: 4885 | AY41: 33 | AZ41: 0 | BA41: 16 | BB41: 0 | BC41: 48.48 | BD41: 761 | BE41: 622 | BF41: 52 | BG41: 0.67 | BH41: 7 | BI41: 0.74 | BJ41: 684 | BK41: 240 | BL41: 35.09
A42: JUMLAH | C42: 118250 | D42: 10760 | E42: 9.1 | F42: 7374 | G42: 6.24 | H42: 23713 | I42: 20.05 | J42: 11503 | K42: 9.73 | L42: 13153 | M42: 4557 | N42: 34.65 | O42: 4166 | P42: 56.5 | Q42: 110355 | R42: 93.32 | S42: 2198023 | T42: 1520999 | U42: 1462399 | V42: 96.15 | W42: 1501716 | X42: 98.73 | Y42: 879374 | Z42: 490135 | AA42: 53873 | AB42: 10.99 | AC42: 474755 | AD42: 96.86 | AE42: 552107 | AF42: 67914 | AG42: 12.3 | AH42: 2111798 | AI42: 244609 | AJ42: 11.58 | AK42: 2663905 | AL42: 312523 | AM42: 11.73 | AN42: 908129 | AO42: 41.32 | AP42: 378701 | AQ42: 43.06 | AR42: 1275554 | AS42: 22548 | AT42: 3631 | AU42: 2756 | AV42: 2954 | AW42: 21.81 | AX42: 427012 | AY42: 10421 | AZ42: 3139 | BA42: 1073 | BB42: 3239 | BC42: 31.8 | BD42: 228846 | BE42: 85109 | BF42: 39567 | BG42: 2.6 | BH42: 2772 | BI42: 0.57 | BJ42: 275635 | BK42: 113712 | BL42: 41.25

Sheet gizi
A1: Data Tarik : 2026-10-01 04:21:13
A2: Penarikan Data (Update) dilakukan secara rutin 8 jam sekali
A3: No | B3: Kabupaten/Kota | C3: Pemantauan Pertumbuhan dan Perkembangan | AF3: Masalah gizi | AN3: ASI Eksklusif dan MPASI | BF3: Cakupan pemberian suplementasi vitamin A pada balita usia 6-59 bulan | CC3: Tatalaksana Balita Bermasalah Gizi
C4: Jumlah sasaran balita | D4: Jumlah balita usia 0-23 bulan ini (avg) | E4: Jumlah balita usia 24-59 bulan ini (avg) | F4: Jumlah balita usia 0-59 bulan ini (avg) | G4: Jumlah balita usia 0-23 ditimbang bulan ini (avg) | H4: % | I4: Jumlah balita usia 24-59 ditimbang bulan ini (avg) | J4: % | K4: Jumlah balita usia 0-59 ditimbang bulan ini (avg) | L4: % | M4: Jumlah balita usia 0-23 diukur PB/TB bulan ini (avg) | N4: % | O4: Jumlah balita usia 24-59 diukur PB/TB bulan ini (avg) | P4: % | Q4: Jumlah balita usia 0-59 diukur PB/TB bulan ini (avg) | R4: % | S4: Jumlah balita usia 0-23 ditimbang dan diukur bulan ini (avg) | T4: % | U4: Jumlah balita usia 24-59 ditimbang dan diukur bulan ini (avg) | V4: % | W4: Jumlah balita usia 0-59 ditimbang dan diukur bulan ini (avg) | X4: % | Y4: Pemantauan Pertumbuhan | AH4: Persentase balita stunting (pendek dan sangat pendek) pada balita | AJ4: Persentase balita wasting (gizi kurang dan gizi buruk) pada balita | AL4: Persentase balita overweight (gizi lebih dan obesitas) pada balita | AN4: Persentase balita underweight (berat badan kurang dan sangat kurang) pada balita | AP4: Persentase bayi usia <6 bulan mendapat ASI Eksklusif | AT4: Persentase bayi usia 6 bulan mendapat ASI Eksklusif | AW4: Persentase Anak 6-23 bulan mendapat MPASI | BF4: Data bulanan | BT4: Tahunan | CC4: Persentase balita gizi kurang mendapat makanan tambahan | CF4: Persentase balita berat badan kurang mendapat makanan tambahan | CI4: Persentase balita berat badan tidak naik (T) mendapat makanan tambahan | CL4: % Rerata balita bermasalah gizi mendapat makanan tambahan | CM4: Persentase balita gizi buruk mendapat tata laksana | CY4: Persentase balita stunting dirujuk PKM ke RS
Y5: Jumlah balita punya buku KIA (avg) | Z5: % | AA5: Jumlah balita naik berat badannya (N) (avg) | AB5: Jumlah balita tidak naik berat badannya (T) (avg) | AC5: % | AD5: Jumlah balita tidak ditimbang bulan lalu (O) (avg) | AE5: Jumlah balita baru lahir bulan ini (B) (avg) | AF5: Jumlah balita ditimbang terkoreksi (D') (avg) | AG5: %balita naik berat badannya (N) | AH5: Jumlah balita stunting (avg) | AI5: % | AJ5: Jumlah balita wasting (avg) | AK5: % | AL5: Jumlah balita overweight (avg) | AM5: % | AN5: Jumlah balita underweight (avg) | AO5: % | AP5: Jumlah bayi usia 0-5 bulan | AQ5: Jumlah bayi usia 0-5 bulan yang direcall | AR5: Jumlah bayi usia 0-5 bulan yang mendapat ASI Eksklusif berdasarkan recall 24 jam | AS5: % | AT5: Jumlah bayi usia 6 bulan | AU5: Jumlah bayi Asi Eksklusif sampai 6 bulan | AV5: % | AW5: Jumlah anak usia 6-23 bulan(avg) | AX5: Jumlah anak usia 6-23 bulan yang diwawancarai(avg) | AY5: % | AZ5: Jumlah anak usia 6-23 bulan mendapat MPASI(avg) | BA5: % | BB5: Jumlah anak usia 6-23 bulan yang mengkonsumsi telur, ikan dan atau daging(avg) | BC5: % | BD5: Jumlah anak usia 6-23 bulan mendapat MPASI baik(avg) | BE5: % | BF5: Jumlah bayi usia 6-11 Bulan Februari | BG5: Jumlah bayi usia 6-11 bulan mendapat Vitamin A Bulan Februari | BH5: % | BI5: Jumlah anak usia 12-59 bulan Februari | BJ5: Jumlah anak usia 12-59 bulan mendapat Vitamin A Februari | BK5: Jumlah anak usia 54-59 bulan Februari | BL5: Jumlah anak usia 54-59 bulan mendapat Vitamin A Februari | BM5: % | BN5: Jumlah bayi 6-11 bulan Agustus | BO5: Jumlah bayi 6-11 bulan mendapat Vitamin A Agustus | BP5: Jumlah anak 12-59 bulan Agustus | BQ5: Jumlah anak 12-59 bulan mendapat Vitamin A Agustus | BR5: Jumlah anak 12-59 bulan mendapat Vitamin A 2 kali dalam setahun | BS5: % | BT5: Jumlah bayi 6-11 bulan | BU5: Jumlah bayi 6-11 bulan mendapat Vitamin A | BV5: % | BW5: Jumlah anak 12-59 bulan | BX5: Jumlah anak 12-59 bulan mendapat Vitamin A | BY5: % | BZ5: Jumlah anak 6-59 bulan | CA5: Jumlah anak 6-59 bulan mendapat Vitamin A | CB5: % | CC5: Jumlah seluruh balita usia 6-59 bulan dengan gizi kurang dengan atau tanpa stunting sampai TW ini | CD5: Jumlah balita usia 6-59 bulan gizi kurang yang mendapatkan makanan tambahan berbahan pangan lokal sampai TW ini | CE5: % | CF5: Jumlah seluruh balita usia 6-59 bulan dengan BB kurang yang tidak wasting dengan atau tanpa stunting sampai TW ini | CG5: Jumlah balita usia 6-59 bulan BB kurang yang tidak wasting dengan atau tanpa stunting yang mendapatkan makanan tambahan berbahan pangan lokal sampai TW ini | CH5: % | CI5: Jumlah seluruh balita usia 6-59 bulan dengan status pertumbuhan BB Tidak Naik (T) serta berat badan normal dengan atau tanpa stunting sampai TW ini | CJ5: Jumlah seluruh balita usia 6-59 bulan dengan status pertumbuhan BB Tidak Naik (T) serta berat badan normal dengan atau tanpa stunting yang mendapatkan makanan tambahan berbahan pangan lokal sampai TW ini | CK5: % | CM5: Jumlah kasus gizi buruk bayi 0-5 Bulan sampai TW ini | CN5: Jumlah Kasus Gizi Buruk bayi 0-5 Bulan mendapat perawatan sampai TW ini | CO5: % | CP5: Jumlah kasus gizi buruk bayi 6-23 Bulan sampai TW ini | CQ5: Jumlah Kasus Gizi Buruk bayi 6-23 Bulan mendapat perawatan sampai TW ini | CR5: % | CS5: Jumlah kasus gizi buruk bayi 24-59 Bulan sampai TW ini | CT5: Jumlah Kasus Gizi Buruk bayi 24-59 Bulan mendapat perawatan sampai TW ini | CU5: % | CV5: Jumlah kasus gizi buruk bayi 6-59 Bulan sampai TW ini | CW5: Jumlah Kasus Gizi Buruk bayi 6-59 Bulan mendapat perawatan sampai TW ini | CX5: % | CY5: Jumlah insiden balita stunting | CZ5: Jumlah balita stunting dirujuk Puskesmas ke RS | DA5: %
C6: [1] | D6: [2] | E6: [3] | F6: [4] | G6: [5] | H6: [6] | I6: [7] | J6: [8] | K6: [9] | L6: [10] | M6: [11] | N6: [12] | O6: [13] | P6: [14] | Q6: [15] | R6: [16] | S6: [17] | T6: [18] | U6: [19] | V6: [20] | W6: [21] | X6: [22] | Y6: [23] | Z6: [24] | AA6: [25] | AB6: [26] | AD6: [27] | AE6: [28] | AF6: [29] | AG6: [30] | AH6: [31] | AI6: [32] | AJ6: [33] | AK6: [34] | AL6: [35] | AM6: [36] | AN6: [37] | AO6: [38] | AP6: [39] | AQ6: [40] | AR6: [41] | AS6: [42] | AT6: [43] | AU6: [44] | AV6: [45] | AW6: [46] | AX6: [47] | AY6: [48] | AZ6: [49] | BA6: [50] | BB6: [51] | BC6: [52] | BD6: [53] | BE6: [54] | BF6: [55] | BG6: [56] | BH6: [57] | BI6: [58] | BJ6: [59] | BK6: [60] | BL6: [61] | BM6: [62] | BN6: [63] | BO6: [64] | BP6: [65] | BQ6: [66] | BR6: [67] | BS6: [68] | BT6: [69] | BU6: [70] | BV6: [71] | BW6: [72] | BX6: [73] | BY6: [74] | BZ6: [75] | CA6: [76] | CB6: [77] | CC6: [78] | CD6: [79] | CE6: [80] | CF6: [81] | CG6: [82] | CH6: [83] | CI6: [84] | CJ6: [85] | CK6: [86] | CL6: [87] | CM6: [88] | CN6: [89] | CO6: [90] | CP6: [91] | CQ6: [92] | CR6: [93] | CS6: [94] | CT6: [95] | CU6: [96] | CV6: [97] | CW6: [98] | CX6: [99] | CY6: [100] | CZ6: [101] | DA6: [102]
A7: 1 | B7: KABUPATEN CILACAP | C7: 157278 | D7: 28424 | E7: 52222 | F7: 80633 | G7: 27636 | H7: 97.23 | I7: 51360 | J7: 98.35 | K7: 78983 | L7: 97.95 | M7: 27574 | N7: 97.01 | O7: 51259 | P7: 98.16 | Q7: 78824 | R7: 97.76 | S7: 27569 | T7: 96.99 | U7: 51276 | V7: 98.19 | W7: 78836 | X7: 97.77 | Y7: 79363 | Z7: 98.42 | AA7: 42681 | AB7: 33778 | AC7: =AB7/W7*100 -> 42.845908 | AD7: 1527 | AE7: 818 | AF7: 76447 | AG7: 55.83 | AH7: 4027 | AI7: 5.11 | AJ7: 3380 | AK7: 4.29 | AL7: 3265 | AM7: 4.14 | AN7: 6263 | AO7: 7.93 | AP7: 16859 | AQ7: 9376 | AR7: 8479 | AS7: 90.43 | AT7: 9860 | AU7: 5418 | AV7: 54.95 | AW7: 10153 | AX7: 8683 | AY7: 85.52 | AZ7: 8334 | BA7: 95.98 | BB7: 8614 | BC7: 99.21 | BD7: 8317 | BE7: 95.78 | BF7: 9143 | BG7: 8769 | BH7: 95.91 | BI7: 85146 | BJ7: 82942 | BK7: 12774 | BL7: 12453 | BM7: 97.49 | BN7: 8842 | BO7: 8576 | BP7: 82126 | BQ7: 80435 | BR7: 74823 | BS7: 97.94 | BT7: 17985 | BU7: 17345 | BV7: 96.44 | BW7: 94900 | BX7: 87276 | BY7: 91.97 | BZ7: 112885 | CA7: 104621 | CB7: 92.68 | CC7: 15736 | CD7: 1508 | CE7: 9.58 | CF7: 19079 | CG7: 1419 | CH7: 7.44 | CI7: 115951 | CJ7: 2051 | CK7: 1.77 | CL7: - | CM7: 38 | CN7: 9 | CO7: 23.68 | CP7: 159 | CQ7: 44 | CR7: 27.67 | CS7: 217 | CT7: 52 | CU7: 23.96 | CV7: 376 | CW7: 96 | CX7: 25.53 | CY7: 9453 | CZ7: 272 | DA7: 2.88
A8: 2 | B8: KABUPATEN BANYUMAS | C8: 118980 | D8: 25269 | E8: 45693 | F8: 70967 | G8: 25043 | H8: 99.11 | I8: 45618 | J8: 99.84 | K8: 70665 | L8: 99.57 | M8: 25038 | N8: 99.09 | O8: 45594 | P8: 99.78 | Q8: 70638 | R8: 99.54 | S8: 25002 | T8: 98.94 | U8: 45609 | V8: 99.82 | W8: 70618 | X8: 99.51 | Y8: 70630 | Z8: 99.53 | AA8: 35855 | AB8: 33490 | AC8: =AB8/W8*100 -> 47.424169 | AD8: 402 | AE8: 889 | AF8: 69339 | AG8: 51.71 | AH8: 9044 | AI8: 12.81 | AJ8: 3383 | AK8: 4.79 | AL8: 2584 | AM8: 3.66 | AN8: 8131 | AO8: 11.51 | AP8: 15523 | AQ8: 11957 | AR8: 10536 | AS8: 88.12 | AT8: 8761 | AU8: 6505 | AV8: 74.25 | AW8: 9374 | AX8: 8896 | AY8: 94.9 | AZ8: 8743 | BA8: 98.28 | BB8: 8803 | BC8: 98.95 | BD8: 8700 | BE8: 97.8 | BF8: 8080 | BG8: 8071 | BH8: 99.89 | BI8: 73955 | BJ8: 73844 | BK8: 11020 | BL8: 11013 | BM8: 99.94 | BN8: 7464 | BO8: 7380 | BP8: 70658 | BQ8: 70333 | BR8: 69749 | BS8: 99.54 | BT8: 15544 | BU8: 15451 | BV8: 99.4 | BW8: 81678 | BX8: 80762 | BY8: 98.88 | BZ8: 97222 | CA8: 96213 | CB8: 98.96 | CC8: 24614 | CD8: 1781 | CE8: 7.24 | CF8: 42169 | CG8: 1314 | CH8: 3.12 | CI8: 193142 | CJ8: 4675 | CK8: 2.42 | CL8: - | CM8: 67 | CN8: 45 | CO8: 67.16 | CP8: 321 | CQ8: 210 | CR8: 65.42 | CS8: 478 | CT8: 300 | CU8: 62.76 | CV8: 799 | CW8: 510 | CX8: 63.83 | CY8: 21699 | CZ8: 1104 | DA8: 5.09
A9: 3 | B9: KABUPATEN PURBALINGGA | C9: 82377 | D9: 16024 | E9: 28740 | F9: 44764 | G9: 15310 | H9: 95.54 | I9: 27872 | J9: 96.98 | K9: 43187 | L9: 96.48 | M9: 15317 | N9: 95.59 | O9: 27869 | P9: 96.97 | Q9: 43187 | R9: 96.48 | S9: 15315 | T9: 95.58 | U9: 27876 | V9: 96.99 | W9: 43192 | X9: 96.49 | Y9: 44776 | Z9: 100.03 | AA9: 21434 | AB9: 19741 | AC9: =AB9/W9*100 -> 45.705223 | AD9: 1515 | AE9: 542 | AF9: 41169 | AG9: 52.06 | AH9: 6023 | AI9: 13.94 | AJ9: 1805 | AK9: 4.18 | AL9: 1541 | AM9: 3.57 | AN9: 4556 | AO9: 10.55 | AP9: 9460 | AQ9: 7647 | AR9: 6805 | AS9: 88.99 | AT9: 5602 | AU9: 3830 | AV9: 68.37 | AW9: 5670 | AX9: 4778 | AY9: 84.27 | AZ9: 4293 | BA9: 89.85 | BB9: 4576 | BC9: 95.77 | BD9: 4243 | BE9: 88.8 | BF9: 5219 | BG9: 5163 | BH9: 98.93 | BI9: 48072 | BJ9: 47941 | BK9: 7622 | BL9: 7605 | BM9: 99.78 | BN9: 4892 | BO9: 4856 | BP9: 45407 | BQ9: 45384 | BR9: 44618 | BS9: 99.95 | BT9: 10111 | BU9: 10019 | BV9: 99.09 | BW9: 53029 | BX9: 52223 | BY9: 98.48 | BZ9: 63140 | CA9: 62242 | CB9: 98.58 | CC9: 8472 | CD9: 856 | CE9: 10.1 | CF9: 17242 | CG9: 1101 | CH9: 6.39 | CI9: 77197 | CJ9: 2733 | CK9: 3.54 | CL9: - | CM9: 31 | CN9: 2 | CO9: 6.45 | CP9: 104 | CQ9: 32 | CR9: 30.77 | CS9: 179 | CT9: 38 | CU9: 21.23 | CV9: 283 | CW9: 70 | CX9: 24.73 | CY9: 10543 | CZ9: 319 | DA9: 3.03
A10: 4 | B10: KABUPATEN BANJARNEGARA | C10: 70831 | D10: 15454 | E10: 29085 | F10: 44548 | G10: 14559 | H10: 94.21 | I10: 27670 | J10: 95.13 | K10: 42233 | L10: 94.8 | M10: 14551 | N10: 94.16 | O10: 27641 | P10: 95.04 | Q10: 42186 | R10: 94.7 | S10: 14554 | T10: 94.18 | U10: 27662 | V10: 95.11 | W10: 42215 | X10: 94.76 | Y10: 44386 | Z10: 99.64 | AA10: 20386 | AB10: 19588 | AC10: =AB10/W10*100 -> 46.400569 | AD10: 1812 | AE10: 412 | AF10: 39970 | AG10: 51 | AH10: 6785 | AI10: 16.07 | AJ10: 1368 | AK10: 3.24 | AL10: 1672 | AM10: 3.96 | AN10: 4281 | AO10: 10.14 | AP10: 8314 | AQ10: 6419 | AR10: 5652 | AS10: 88.05 | AT10: 5325 | AU10: 3447 | AV10: 64.73 | AW10: 6978 | AX10: 5507 | AY10: 78.92 | AZ10: 5119 | BA10: 92.95 | BB10: 5343 | BC10: 97.02 | BD10: 5066 | BE10: 91.99 | BF10: 4674 | BG10: 4613 | BH10: 98.69 | BI10: 46033 | BJ10: 45820 | BK10: 7043 | BL10: 7024 | BM10: 99.73 | BN10: 4352 | BO10: 4308 | BP10: 43569 | BQ10: 43285 | BR10: 42497 | BS10: 99.35 | BT10: 9026 | BU10: 8921 | BV10: 98.84 | BW10: 50612 | BX10: 49521 | BY10: 97.84 | BZ10: 59638 | CA10: 58442 | CB10: 97.99 | CC10: 8372 | CD10: 865 | CE10: 10.33 | CF10: 22333 | CG10: 1334 | CH10: 5.97 | CI10: 99819 | CJ10: 4622 | CK10: 4.63 | CL10: - | CM10: 44 | CN10: 8 | CO10: 18.18 | CP10: 103 | CQ10: 47 | CR10: 45.63 | CS10: 210 | CT10: 84 | CU10: 40 | CV10: 313 | CW10: 131 | CX10: 41.85 | CY10: 23056 | CZ10: 276 | DA10: 1.2
A11: 5 | B11: KABUPATEN KEBUMEN | C11: 97552 | D11: 19021 | E11: 35854 | F11: 54881 | G11: 18558 | H11: 97.57 | I11: 35344 | J11: 98.58 | K11: 53895 | L11: 98.2 | M11: 18552 | N11: 97.53 | O11: 35360 | P11: 98.62 | Q11: 53902 | R11: 98.22 | S11: 18546 | T11: 97.5 | U11: 35375 | V11: 98.66 | W11: 53913 | X11: 98.24 | Y11: 54657 | Z11: 99.59 | AA11: 27079 | AB11: 25304 | AC11: =AB11/W11*100 -> 46.934877 | AD11: 871 | AE11: 646 | AF11: 52375 | AG11: 51.7 | AH11: 4208 | AI11: 7.81 | AJ11: 2487 | AK11: 4.61 | AL11: 1603 | AM11: 2.97 | AN11: 6098 | AO11: 11.31 | AP11: 11176 | AQ11: 8645 | AR11: 7923 | AS11: 91.65 | AT11: 6448 | AU11: 4593 | AV11: 71.23 | AW11: 7110 | AX11: 6068 | AY11: 85.34 | AZ11: 5719 | BA11: 94.25 | BB11: 5919 | BC11: 97.54 | BD11: 5672 | BE11: 93.47 | BF11: 5941 | BG11: 5842 | BH11: 98.33 | BI11: 58107 | BJ11: 57702 | BK11: 9417 | BL11: 9337 | BM11: 99.15 | BN11: 5753 | BO11: 5717 | BP11: 55171 | BQ11: 54900 | BR11: 53785 | BS11: 99.51 | BT11: 11694 | BU11: 11559 | BV11: 98.85 | BW11: 64588 | BX11: 63122 | BY11: 97.73 | BZ11: 76282 | CA11: 74681 | CB11: 97.9 | CC11: 10801 | CD11: 580 | CE11: 5.37 | CF11: 16691 | CG11: 1160 | CH11: 6.95 | CI11: 75553 | CJ11: 3968 | CK11: 5.25 | CL11: - | CM11: 10 | CN11: 1 | CO11: 10 | CP11: 29 | CQ11: 4 | CR11: 13.79 | CS11: 24 | CT11: 6 | CU11: 25 | CV11: 53 | CW11: 10 | CX11: 18.87 | CY11: 7644 | CZ11: 377 | DA11: 4.93
A12: 6 | B12: KABUPATEN PURWOREJO | C12: 58232 | D12: 9553 | E12: 18286 | F12: 27842 | G12: 9321 | H12: 97.57 | I12: 18077 | J12: 98.86 | K12: 27383 | L12: 98.35 | M12: 9318 | N12: 97.54 | O12: 18059 | P12: 98.76 | Q12: 27362 | R12: 98.28 | S12: 9315 | T12: 97.51 | U12: 18072 | V12: 98.83 | W12: 27372 | X12: 98.31 | Y12: 27544 | Z12: 98.93 | AA12: 13906 | AB12: 12688 | AC12: =AB12/W12*100 -> 46.353938 | AD12: 554 | AE12: 167 | AF12: 26586 | AG12: 52.31 | AH12: 4518 | AI12: 16.51 | AJ12: 1227 | AK12: 4.48 | AL12: 1029 | AM12: 3.76 | AN12: 3395 | AO12: 12.4 | AP12: 4991 | AQ12: 3544 | AR12: 3292 | AS12: 92.89 | AT12: 3266 | AU12: 2238 | AV12: 68.52 | AW12: 3786 | AX12: 3312 | AY12: 87.48 | AZ12: 3242 | BA12: 97.89 | BB12: 3274 | BC12: 98.85 | BD12: 3226 | BE12: 97.4 | BF12: 3252 | BG12: 3232 | BH12: 99.38 | BI12: 30274 | BJ12: 30237 | BK12: 4818 | BL12: 4809 | BM12: 99.81 | BN12: 2939 | BO12: 2849 | BP12: 29036 | BQ12: 28369 | BR12: 27702 | BS12: 97.7 | BT12: 6191 | BU12: 6081 | BV12: 98.22 | BW12: 33854 | BX12: 32511 | BY12: 96.03 | BZ12: 40045 | CA12: 38592 | CB12: 96.37 | CC12: 3573 | CD12: 264 | CE12: 7.39 | CF12: 7482 | CG12: 704 | CH12: 9.41 | CI12: 27069 | CJ12: 960 | CK12: 3.55 | CL12: - | CM12: 7 | CN12: 0 | CO12: 0 | CP12: 40 | CQ12: 9 | CR12: 22.5 | CS12: 41 | CT12: 11 | CU12: 26.83 | CV12: 81 | CW12: 20 | CX12: 24.69 | CY12: 7425 | CZ12: 28 | DA12: 0.38
A13: 7 | B13: KABUPATEN WONOSOBO | C13: 62250 | D13: 12792 | E13: 23787 | F13: 36564 | G13: 12382 | H13: 96.79 | I13: 23069 | J13: 96.98 | K13: 35442 | L13: 96.93 | M13: 12389 | N13: 96.85 | O13: 23109 | P13: 97.15 | Q13: 35487 | R13: 97.05 | S13: 12369 | T13: 96.69 | U13: 23111 | V13: 97.16 | W13: 35467 | X13: 97 | Y13: 36522 | Z13: 99.89 | AA13: 16946 | AB13: 17124 | AC13: =AB13/W13*100 -> 48.281501 | AD13: 1188 | AE13: 237 | AF13: 34073 | AG13: 49.73 | AH13: 6356 | AI13: 17.92 | AJ13: 743 | AK13: 2.09 | AL13: 1349 | AM13: 3.8 | AN13: 3357 | AO13: 9.47 | AP13: 6450 | AQ13: 4243 | AR13: 3909 | AS13: 92.13 | AT13: 4464 | AU13: 3723 | AV13: 83.4 | AW13: 4716 | AX13: 3452 | AY13: 73.2 | AZ13: 3418 | BA13: 99.02 | BB13: 3432 | BC13: 99.42 | BD13: 3411 | BE13: 98.81 | BF13: 4282 | BG13: 4265 | BH13: 99.6 | BI13: 39828 | BJ13: 39656 | BK13: 6035 | BL13: 6014 | BM13: 99.65 | BN13: 3989 | BO13: 3986 | BP13: 37950 | BQ13: 37943 | BR13: 37332 | BS13: 99.98 | BT13: 8271 | BU13: 8251 | BV13: 99.76 | BW13: 43985 | BX13: 43346 | BY13: 98.55 | BZ13: 52256 | CA13: 51597 | CB13: 98.74 | CC13: 3997 | CD13: 243 | CE13: 6.08 | CF13: 14071 | CG13: 742 | CH13: 5.27 | CI13: 66879 | CJ13: 1504 | CK13: 2.25 | CL13: - | CM13: 9 | CN13: 2 | CO13: 22.22 | CP13: 33 | CQ13: 6 | CR13: 18.18 | CS13: 54 | CT13: 12 | CU13: 22.22 | CV13: 87 | CW13: 18 | CX13: 20.69 | CY13: 12653 | CZ13: 255 | DA13: 2.02
A14: 8 | B14: KABUPATEN MAGELANG | C14: 99341 | D14: 17848 | E14: 34608 | F14: 52463 | G14: 17022 | H14: 95.37 | I14: 33169 | J14: 95.84 | K14: 50199 | L14: 95.68 | M14: 17030 | N14: 95.42 | O14: 33169 | P14: 95.84 | Q14: 50205 | R14: 95.7 | S14: 17028 | T14: 95.41 | U14: 33161 | V14: 95.82 | W14: 50196 | X14: 95.68 | Y14: 52284 | Z14: 99.66 | AA14: 24183 | AB14: 23936 | AC14: =AB14/W14*100 -> 47.685075 | AD14: 1712 | AE14: 325 | AF14: 48127 | AG14: 50.25 | AH14: 7900 | AI14: 15.74 | AJ14: 2330 | AK14: 4.64 | AL14: 1601 | AM14: 3.19 | AN14: 5631 | AO14: 11.22 | AP14: 8874 | AQ14: 4941 | AR14: 4779 | AS14: 96.72 | AT14: 6026 | AU14: 3983 | AV14: 66.1 | AW14: 6242 | AX14: 3915 | AY14: 62.72 | AZ14: 3756 | BA14: 95.94 | BB14: 3814 | BC14: 97.42 | BD14: 3689 | BE14: 94.23 | BF14: 5954 | BG14: 5921 | BH14: 99.45 | BI14: 57467 | BJ14: 57302 | BK14: 8251 | BL14: 8234 | BM14: 99.79 | BN14: 5363 | BO14: 5293 | BP14: 55362 | BQ14: 55035 | BR14: 53953 | BS14: 99.41 | BT14: 11317 | BU14: 11214 | BV14: 99.09 | BW14: 63613 | BX14: 62187 | BY14: 97.76 | BZ14: 74930 | CA14: 73401 | CB14: 97.96 | CC14: 9366 | CD14: 286 | CE14: 3.05 | CF14: 17379 | CG14: 637 | CH14: 3.67 | CI14: 78815 | CJ14: 1073 | CK14: 1.36 | CL14: - | CM14: 16 | CN14: 0 | CO14: 0 | CP14: 56 | CQ14: 2 | CR14: 3.57 | CS14: 111 | CT14: 1 | CU14: 0.9 | CV14: 167 | CW14: 3 | CX14: 1.8 | CY14: 15720 | CZ14: 343 | DA14: 2.18
A15: 9 | B15: KABUPATEN BOYOLALI | C15: 67997 | D15: 14428 | E15: 29795 | F15: 44217 | G15: 13742 | H15: 95.25 | I15: 29148 | J15: 97.83 | K15: 42888 | L15: 96.99 | M15: 13718 | N15: 95.08 | O15: 29056 | P15: 97.52 | Q15: 42775 | R15: 96.74 | S15: 13734 | T15: 95.19 | U15: 29146 | V15: 97.82 | W15: 42882 | X15: 96.98 | Y15: 37732 | Z15: 85.33 | AA15: 23062 | AB15: 18116 | AC15: =AB15/W15*100 -> 42.246164 | AD15: 1353 | AE15: 339 | AF15: 41185 | AG15: 56 | AH15: 5209 | AI15: 12.15 | AJ15: 1774 | AK15: 4.15 | AL15: 1769 | AM15: 4.14 | AN15: 3769 | AO15: 8.79 | AP15: 7773 | AQ15: 6020 | AR15: 5426 | AS15: 90.13 | AT15: 5049 | AU15: 3678 | AV15: 72.85 | AW15: 5401 | AX15: 3311 | AY15: 61.3 | AZ15: 3212 | BA15: 97.01 | BB15: 3233 | BC15: 97.64 | BD15: 3162 | BE15: 95.5 | BF15: 4283 | BG15: 4232 | BH15: 98.81 | BI15: 47353 | BJ15: 47251 | BK15: 7439 | BL15: 7397 | BM15: 99.44 | BN15: 4396 | BO15: 4348 | BP15: 45848 | BQ15: 45359 | BR15: 42500 | BS15: 98.93 | BT15: 8679 | BU15: 8580 | BV15: 98.86 | BW15: 53287 | BX15: 49897 | BY15: 93.64 | BZ15: 61966 | CA15: 58477 | CB15: 94.37 | CC15: 4319 | CD15: 593 | CE15: 13.73 | CF15: 6305 | CG15: 622 | CH15: 9.87 | CI15: 31106 | CJ15: 3144 | CK15: 10.11 | CL15: - | CM15: 8 | CN15: 1 | CO15: 12.5 | CP15: 13 | CQ15: 5 | CR15: 38.46 | CS15: 24 | CT15: 6 | CU15: 25 | CV15: 37 | CW15: 11 | CX15: 29.73 | CY15: 6468 | CZ15: 61 | DA15: 0.94
A16: 10 | B16: KABUPATEN KLATEN | C16: 86642 | D16: 17054 | E16: 30969 | F16: 48020 | G16: 16703 | H16: 97.94 | I16: 30650 | J16: 98.97 | K16: 47356 | L16: 98.62 | M16: 16702 | N16: 97.94 | O16: 30644 | P16: 98.95 | Q16: 47351 | R16: 98.61 | S16: 16697 | T16: 97.91 | U16: 30643 | V16: 98.95 | W16: 47344 | X16: 98.59 | Y16: 45468 | Z16: 94.69 | AA16: 23943 | AB16: 22164 | AC16: =AB16/W16*100 -> 46.814802 | AD16: 688 | AE16: 556 | AF16: 46118 | AG16: 51.92 | AH16: 6203 | AI16: 13.1 | AJ16: 2440 | AK16: 5.15 | AL16: 1815 | AM16: 3.83 | AN16: 5834 | AO16: 12.32 | AP16: 9960 | AQ16: 8649 | AR16: 8088 | AS16: 93.51 | AT16: 5931 | AU16: 4894 | AV16: 82.52 | AW16: 6882 | AX16: 5775 | AY16: 83.91 | AZ16: 5190 | BA16: 89.87 | BB16: 5562 | BC16: 96.31 | BD16: 5143 | BE16: 89.06 | BF16: 5341 | BG16: 5324 | BH16: 99.68 | BI16: 49526 | BJ16: 49452 | BK16: 7281 | BL16: 7277 | BM16: 99.95 | BN16: 4915 | BO16: 4901 | BP16: 47789 | BQ16: 47702 | BR16: 46910 | BS16: 99.82 | BT16: 10256 | BU16: 10225 | BV16: 99.7 | BW16: 55070 | BX16: 54187 | BY16: 98.4 | BZ16: 65326 | CA16: 64412 | CB16: 98.6 | CC16: 15100 | CD16: 1386 | CE16: 9.18 | CF16: 25656 | CG16: 1241 | CH16: 4.84 | CI16: 104337 | CJ16: 1271 | CK16: 1.22 | CL16: - | CM16: 50 | CN16: 14 | CO16: 28 | CP16: 145 | CQ16: 46 | CR16: 31.72 | CS16: 236 | CT16: 75 | CU16: 31.78 | CV16: 381 | CW16: 121 | CX16: 31.76 | CY16: 14767 | CZ16: 522 | DA16: 3.53
A17: 11 | B17: KABUPATEN SUKOHARJO | C17: 66206 | D17: 12860 | E17: 22974 | F17: 35827 | G17: 12812 | H17: 99.63 | I17: 22953 | J17: 99.91 | K17: 35769 | L17: 99.84 | M17: 12837 | N17: 99.82 | O17: 22953 | P17: 99.91 | Q17: 35793 | R17: 99.91 | S17: 12837 | T17: 99.82 | U17: 22953 | V17: 99.91 | W17: 35793 | X17: 99.91 | Y17: 35821 | Z17: 99.98 | AA17: 21304 | AB17: 13843 | AC17: =AB17/W17*100 -> 38.67516 | AD17: 145 | AE17: 485 | AF17: 35145 | AG17: 60.62 | AH17: 2792 | AI17: 7.8 | AJ17: 1391 | AK17: 3.89 | AL17: 1475 | AM17: 4.12 | AN17: 3396 | AO17: 9.49 | AP17: 7512 | AQ17: 6441 | AR17: 5886 | AS17: 91.38 | AT17: 4454 | AU17: 3366 | AV17: 75.57 | AW17: 5053 | AX17: 4528 | AY17: 89.61 | AZ17: 4509 | BA17: 99.58 | BB17: 4520 | BC17: 99.82 | BD17: 4506 | BE17: 99.51 | BF17: 4126 | BG17: 4119 | BH17: 99.83 | BI17: 37413 | BJ17: 37376 | BK17: 5886 | BL17: 5835 | BM17: 99.13 | BN17: 3803 | BO17: 3803 | BP17: 35907 | BQ17: 35907 | BR17: 35057 | BS17: 100 | BT17: 7929 | BU17: 7922 | BV17: 99.91 | BW17: 41793 | BX17: 40892 | BY17: 97.84 | BZ17: 49722 | CA17: 48814 | CB17: 98.17 | CC17: 10670 | CD17: 1557 | CE17: 14.59 | CF17: 18394 | CG17: 1084 | CH17: 5.89 | CI17: 79616 | CJ17: 7351 | CK17: 9.23 | CL17: - | CM17: 25 | CN17: 16 | CO17: 64 | CP17: 116 | CQ17: 88 | CR17: 75.86 | CS17: 278 | CT17: 195 | CU17: 70.14 | CV17: 394 | CW17: 283 | CX17: 71.83 | CY17: 6543 | CZ17: 396 | DA17: 6.05
A18: 12 | B18: KABUPATEN WONOGIRI | C18: 58021 | D18: 10855 | E18: 20805 | F18: 31663 | G18: 10759 | H18: 99.12 | I18: 20769 | J18: 99.83 | K18: 31506 | L18: 99.5 | M18: 10757 | N18: 99.1 | O18: 20769 | P18: 99.83 | Q18: 31505 | R18: 99.5 | S18: 10759 | T18: 99.12 | U18: 20753 | V18: 99.75 | W18: 31490 | X18: 99.45 | Y18: 31384 | Z18: 99.12 | AA18: 15520 | AB18: 15369 | AC18: =AB18/W18*100 -> 48.80597 | AD18: 385 | AE18: 194 | AF18: 30899 | AG18: 50.23 | AH18: 3051 | AI18: 9.69 | AJ18: 1237 | AK18: 3.93 | AL18: 1605 | AM18: 5.09 | AN18: 3032 | AO18: 9.62 | AP18: 5663 | AQ18: 3346 | AR18: 2636 | AS18: 78.78 | AT18: 3610 | AU18: 1615 | AV18: 44.74 | AW18: 3969 | AX18: 1606 | AY18: 40.46 | AZ18: 1515 | BA18: 94.33 | BB18: 1600 | BC18: 99.63 | BD18: 1519 | BE18: 94.58 | BF18: 3639 | BG18: 3588 | BH18: 98.6 | BI18: 34795 | BJ18: 34534 | BK18: 5562 | BL18: 5529 | BM18: 99.41 | BN18: 3280 | BO18: 3242 | BP18: 33071 | BQ18: 32888 | BR18: 32223 | BS18: 99.45 | BT18: 6919 | BU18: 6830 | BV18: 98.71 | BW18: 38633 | BX18: 37752 | BY18: 97.72 | BZ18: 45552 | CA18: 44582 | CB18: 97.87 | CC18: 4384 | CD18: 303 | CE18: 6.91 | CF18: 8389 | CG18: 354 | CH18: 4.22 | CI18: 47613 | CJ18: 2876 | CK18: 6.04 | CL18: - | CM18: 12 | CN18: 7 | CO18: 58.33 | CP18: 44 | CQ18: 23 | CR18: 52.27 | CS18: 107 | CT18: 36 | CU18: 33.64 | CV18: 151 | CW18: 59 | CX18: 39.07 | CY18: 4627 | CZ18: 160 | DA18: 3.46
A19: 13 | B19: KABUPATEN KARANGANYAR | C19: 62318 | D19: 13203 | E19: 26308 | F19: 39506 | G19: 12557 | H19: 95.11 | I19: 25287 | J19: 96.12 | K19: 37844 | L19: 95.79 | M19: 12556 | N19: 95.1 | O19: 25288 | P19: 96.12 | Q19: 37847 | R19: 95.8 | S19: 12569 | T19: 95.2 | U19: 25212 | V19: 95.83 | W19: 37781 | X19: 95.63 | Y19: 39371 | Z19: 99.66 | AA19: 19355 | AB19: 16719 | AC19: =AB19/W19*100 -> 44.252402 | AD19: 1528 | AE19: 175 | AF19: 36080 | AG19: 53.64 | AH19: 1997 | AI19: 5.29 | AJ19: 1199 | AK19: 3.17 | AL19: 1802 | AM19: 4.76 | AN19: 3011 | AO19: 7.96 | AP19: 6169 | AQ19: 5507 | AR19: 4940 | AS19: 89.7 | AT19: 4444 | AU19: 2192 | AV19: 49.32 | AW19: 6350 | AX19: 4974 | AY19: 78.33 | AZ19: 4802 | BA19: 96.54 | BB19: 4929 | BC19: 99.1 | BD19: 4790 | BE19: 96.3 | BF19: 4412 | BG19: 4392 | BH19: 99.55 | BI19: 42074 | BJ19: 41923 | BK19: 6615 | BL19: 6601 | BM19: 99.79 | BN19: 3880 | BO19: 3874 | BP19: 40391 | BQ19: 40377 | BR19: 39033 | BS19: 99.97 | BT19: 8292 | BU19: 8266 | BV19: 99.69 | BW19: 47006 | BX19: 45634 | BY19: 97.08 | BZ19: 55298 | CA19: 53900 | CB19: 97.47 | CC19: 5808 | CD19: 373 | CE19: 6.42 | CF19: 11137 | CG19: 762 | CH19: 6.84 | CI19: 67100 | CJ19: 3228 | CK19: 4.81 | CL19: - | CM19: 2 | CN19: 0 | CO19: 0 | CP19: 7 | CQ19: 2 | CR19: 28.57 | CS19: 7 | CT19: 5 | CU19: 71.43 | CV19: 14 | CW19: 7 | CX19: 50 | CY19: 2488 | CZ19: 195 | DA19: 7.84
A20: 14 | B20: KABUPATEN SRAGEN | C20: 70384 | D20: 12878 | E20: 23858 | F20: 36736 | G20: 12028 | H20: 93.4 | I20: 22300 | J20: 93.47 | K20: 34322 | L20: 93.43 | M20: 11986 | N20: 93.07 | O20: 22312 | P20: 93.52 | Q20: 34292 | R20: 93.35 | S20: 12038 | T20: 93.48 | U20: 22295 | V20: 93.45 | W20: 34328 | X20: 93.45 | Y20: 36508 | Z20: 99.38 | AA20: 17378 | AB20: 15077 | AC20: =AB20/W20*100 -> 43.920415 | AD20: 1517 | AE20: 305 | AF20: 32450 | AG20: 53.55 | AH20: 3900 | AI20: 11.36 | AJ20: 1792 | AK20: 5.23 | AL20: 1596 | AM20: 4.65 | AN20: 3566 | AO20: 10.39 | AP20: 7355 | AQ20: 1859 | AR20: 1767 | AS20: 95.05 | AT20: 4369 | AU20: 892 | AV20: 20.42 | AW20: 4818 | AX20: 1767 | AY20: 36.67 | AZ20: 1671 | BA20: 94.57 | BB20: 1728 | BC20: 97.79 | BD20: 1647 | BE20: 93.21 | BF20: 4343 | BG20: 3228 | BH20: 74.33 | BI20: 40228 | BJ20: 31348 | BK20: 5582 | BL20: 4328 | BM20: 77.53 | BN20: 3981 | BO20: 3816 | BP20: 39575 | BQ20: 38688 | BR20: 38136 | BS20: 97.76 | BT20: 8324 | BU20: 7044 | BV20: 84.62 | BW20: 45157 | BX20: 42464 | BY20: 94.04 | BZ20: 53481 | CA20: 49508 | CB20: 92.57 | CC20: 2833 | CD20: 231 | CE20: 8.15 | CF20: 3719 | CG20: 305 | CH20: 8.2 | CI20: 18193 | CJ20: 1082 | CK20: 5.95 | CL20: - | CM20: 6 | CN20: 0 | CO20: 0 | CP20: 8 | CQ20: 2 | CR20: 25 | CS20: 21 | CT20: 1 | CU20: 4.76 | CV20: 29 | CW20: 3 | CX20: 10.34 | CY20: 2256 | CZ20: 317 | DA20: 14.05
A21: 15 | B21: KABUPATEN GROBOGAN | C21: 99900 | D21: 18533 | E21: 41232 | F21: 59762 | G21: 17159 | H21: 92.59 | I21: 39026 | J21: 94.65 | K21: 56180 | L21: 94.01 | M21: 17158 | N21: 92.58 | O21: 39047 | P21: 94.7 | Q21: 56202 | R21: 94.04 | S21: 17132 | T21: 92.44 | U21: 39023 | V21: 94.64 | W21: 56151 | X21: 93.96 | Y21: 58360 | Z21: 97.65 | AA21: 29315 | AB21: 24520 | AC21: =AB21/W21*100 -> 43.667967 | AD21: 2133 | AE21: 216 | AF21: 53821 | AG21: 54.47 | AH21: 5142 | AI21: 9.16 | AJ21: 3332 | AK21: 5.93 | AL21: 1713 | AM21: 3.05 | AN21: 5972 | AO21: 10.63 | AP21: 8819 | AQ21: 3881 | AR21: 3028 | AS21: 78.02 | AT21: 5724 | AU21: 1565 | AV21: 27.34 | AW21: 7002 | AX21: 4636 | AY21: 66.21 | AZ21: 4346 | BA21: 93.74 | BB21: 4456 | BC21: 96.12 | BD21: 4285 | BE21: 92.43 | BF21: 6120 | BG21: 5149 | BH21: 84.13 | BI21: 67620 | BJ21: 59345 | BK21: 10326 | BL21: 8633 | BM21: 83.6 | BN21: 5585 | BO21: 4916 | BP21: 64202 | BQ21: 57707 | BR21: 49457 | BS21: 89.88 | BT21: 11705 | BU21: 10065 | BV21: 85.99 | BW21: 74528 | BX21: 58090 | BY21: 77.94 | BZ21: 86233 | CA21: 68155 | CB21: 79.04 | CC21: 12536 | CD21: 487 | CE21: 3.88 | CF21: 13808 | CG21: 1859 | CH21: 13.46 | CI21: 65858 | CJ21: 29 | CK21: 0.04 | CL21: - | CM21: 9 | CN21: 5 | CO21: 55.56 | CP21: 102 | CQ21: 24 | CR21: 23.53 | CS21: 174 | CT21: 33 | CU21: 18.97 | CV21: 276 | CW21: 57 | CX21: 20.65 | CY21: 10369 | CZ21: 442 | DA21: 4.26
A22: 16 | B22: KABUPATEN BLORA | C22: 64675 | D22: 12451 | E22: 22132 | F22: 34599 | G22: 12307 | H22: 98.84 | I22: 21923 | J22: 99.06 | K22: 34227 | L22: 98.92 | M22: 12300 | N22: 98.79 | O22: 21948 | P22: 99.17 | Q22: 34247 | R22: 98.98 | S22: 12308 | T22: 98.85 | U22: 21956 | V22: 99.2 | W22: 34266 | X22: 99.04 | Y22: 33969 | Z22: 98.18 | AA22: 17531 | AB22: 15692 | AC22: =AB22/W22*100 -> 45.794665 | AD22: 596 | AE22: 423 | AF22: 33222 | AG22: 52.77 | AH22: 2292 | AI22: 6.69 | AJ22: 2374 | AK22: 6.93 | AL22: 1413 | AM22: 4.13 | AN22: 4564 | AO22: 13.33 | AP22: 7163 | AQ22: 5267 | AR22: 4556 | AS22: 86.5 | AT22: 3991 | AU22: 2172 | AV22: 54.42 | AW22: 4437 | AX22: 3237 | AY22: 72.95 | AZ22: 3057 | BA22: 94.44 | BB22: 3159 | BC22: 97.59 | BD22: 3037 | BE22: 93.82 | BF22: 4047 | BG22: 3986 | BH22: 98.49 | BI22: 35263 | BJ22: 35012 | BK22: 4684 | BL22: 4652 | BM22: 99.32 | BN22: 3412 | BO22: 3390 | BP22: 35395 | BQ22: 35156 | BR22: 33416 | BS22: 99.32 | BT22: 7459 | BU22: 7376 | BV22: 98.89 | BW22: 40079 | BX22: 38068 | BY22: 94.98 | BZ22: 47538 | CA22: 45444 | CB22: 95.6 | CC22: 17442 | CD22: 1897 | CE22: 10.88 | CF22: 20549 | CG22: 1355 | CH22: 6.59 | CI22: 81308 | CJ22: 1787 | CK22: 2.2 | CL22: - | CM22: 4 | CN22: 0 | CO22: 0 | CP22: 21 | CQ22: 12 | CR22: 57.14 | CS22: 66 | CT22: 16 | CU22: 24.24 | CV22: 87 | CW22: 28 | CX22: 32.18 | CY22: 4472 | CZ22: 107 | DA22: 2.39
A23: 17 | B23: KABUPATEN REMBANG | C23: 48665 | D23: 10596 | E23: 18838 | F23: 29435 | G23: 9494 | H23: 89.6 | I23: 17043 | J23: 90.47 | K23: 26548 | L23: 90.19 | M23: 9484 | N23: 89.51 | O23: 17021 | P23: 90.35 | Q23: 26513 | R23: 90.07 | S23: 9483 | T23: 89.5 | U23: 17028 | V23: 90.39 | W23: 26518 | X23: 90.09 | Y23: 28888 | Z23: 98.14 | AA23: 12534 | AB23: 11672 | AC23: =AB23/W23*100 -> 44.015386 | AD23: 1949 | AE23: 371 | AF23: 24213 | AG23: 51.77 | AH23: 3550 | AI23: 13.39 | AJ23: 1650 | AK23: 6.22 | AL23: 847 | AM23: 3.19 | AN23: 3592 | AO23: 13.53 | AP23: 6419 | AQ23: 4675 | AR23: 4292 | AS23: 91.81 | AT23: 3574 | AU23: 2808 | AV23: 78.57 | AW23: 3674 | AX23: 2967 | AY23: 80.76 | AZ23: 2759 | BA23: 92.99 | BB23: 2884 | BC23: 97.2 | BD23: 2731 | BE23: 92.05 | BF23: 3585 | BG23: 3583 | BH23: 99.94 | BI23: 31042 | BJ23: 31005 | BK23: 4390 | BL23: 4388 | BM23: 99.95 | BN23: 3121 | BO23: 3121 | BP23: 30143 | BQ23: 29928 | BR23: 29700 | BS23: 99.29 | BT23: 6706 | BU23: 6704 | BV23: 99.97 | BW23: 34533 | BX23: 34088 | BY23: 98.71 | BZ23: 41239 | CA23: 40792 | CB23: 98.92 | CC23: 10886 | CD23: 1080 | CE23: 9.92 | CF23: 17002 | CG23: 787 | CH23: 4.63 | CI23: 59463 | CJ23: 2929 | CK23: 4.93 | CL23: - | CM23: 46 | CN23: 8 | CO23: 17.39 | CP23: 234 | CQ23: 43 | CR23: 18.38 | CS23: 467 | CT23: 103 | CU23: 22.06 | CV23: 701 | CW23: 146 | CX23: 20.83 | CY23: 15012 | CZ23: 534 | DA23: 3.56
A24: 18 | B24: KABUPATEN PATI | C24: 77167 | D24: 18837 | E24: 35424 | F24: 54269 | G24: 17449 | H24: 92.63 | I24: 32946 | J24: 93 | K24: 50426 | L24: 92.92 | M24: 17441 | N24: 92.59 | O24: 32913 | P24: 92.91 | Q24: 50385 | R24: 92.84 | S24: 17434 | T24: 92.55 | U24: 32911 | V24: 92.91 | W24: 50374 | X24: 92.82 | Y24: 53978 | Z24: 99.46 | AA24: 25021 | AB24: 21753 | AC24: =AB24/W24*100 -> 43.182991 | AD24: 3053 | AE24: 537 | AF24: 46769 | AG24: 53.5 | AH24: 4032 | AI24: 8 | AJ24: 2590 | AK24: 5.14 | AL24: 2023 | AM24: 4.02 | AN24: 5012 | AO24: 9.94 | AP24: 10235 | AQ24: 7059 | AR24: 6198 | AS24: 87.8 | AT24: 5928 | AU24: 3322 | AV24: 56.04 | AW24: 6947 | AX24: 5905 | AY24: 85 | AZ24: 5653 | BA24: 95.73 | BB24: 5753 | BC24: 97.43 | BD24: 5635 | BE24: 95.43 | BF24: 6597 | BG24: 6492 | BH24: 98.41 | BI24: 57727 | BJ24: 57419 | BK24: 7391 | BL24: 7363 | BM24: 99.62 | BN24: 5329 | BO24: 5292 | BP24: 56835 | BQ24: 56534 | BR24: 55710 | BS24: 99.47 | BT24: 11926 | BU24: 11784 | BV24: 98.81 | BW24: 64226 | BX24: 63073 | BY24: 98.2 | BZ24: 76152 | CA24: 74857 | CB24: 98.3 | CC24: 12997 | CD24: 1078 | CE24: 8.29 | CF24: 16984 | CG24: 1217 | CH24: 7.17 | CI24: 87927 | CJ24: 1258 | CK24: 1.43 | CL24: - | CM24: 39 | CN24: 6 | CO24: 15.38 | CP24: 145 | CQ24: 40 | CR24: 27.59 | CS24: 361 | CT24: 87 | CU24: 24.1 | CV24: 506 | CW24: 127 | CX24: 25.1 | CY24: 6101 | CZ24: 81 | DA24: 1.33
A25: 19 | B25: KABUPATEN KUDUS | C25: 65441 | D25: 15348 | E25: 25151 | F25: 40497 | G25: 14962 | H25: 97.49 | I25: 24782 | J25: 98.53 | K25: 39740 | L25: 98.13 | M25: 14952 | N25: 97.42 | O25: 24744 | P25: 98.38 | Q25: 39692 | R25: 98.01 | S25: 14958 | T25: 97.46 | U25: 24796 | V25: 98.59 | W25: 39751 | X25: 98.16 | Y25: 40368 | Z25: 99.68 | AA25: 27251 | AB25: 11503 | AC25: =AB25/W25*100 -> 28.937637 | AD25: 467 | AE25: 409 | AF25: 38760 | AG25: 70.31 | AH25: 1450 | AI25: 3.65 | AJ25: 1292 | AK25: 3.26 | AL25: 1543 | AM25: 3.89 | AN25: 1666 | AO25: 4.19 | AP25: 9105 | AQ25: 6004 | AR25: 4632 | AS25: 77.15 | AT25: 5332 | AU25: 2771 | AV25: 51.97 | AW25: 5223 | AX25: 4090 | AY25: 78.31 | AZ25: 3933 | BA25: 96.16 | BB25: 4051 | BC25: 99.05 | BD25: 3894 | BE25: 95.21 | BF25: 6081 | BG25: 6022 | BH25: 99.03 | BI25: 42677 | BJ25: 42413 | BK25: 6213 | BL25: 6181 | BM25: 99.48 | BN25: 4898 | BO25: 4763 | BP25: 42974 | BQ25: 41755 | BR25: 41094 | BS25: 97.16 | BT25: 10979 | BU25: 10785 | BV25: 98.23 | BW25: 49187 | BX25: 47275 | BY25: 96.11 | BZ25: 60166 | CA25: 58060 | CB25: 96.5 | CC25: 5314 | CD25: 140 | CE25: 2.63 | CF25: 4173 | CG25: 361 | CH25: 8.65 | CI25: 31015 | CJ25: 1171 | CK25: 3.78 | CL25: - | CM25: 40 | CN25: 3 | CO25: 7.5 | CP25: 127 | CQ25: 19 | CR25: 14.96 | CS25: 194 | CT25: 15 | CU25: 7.73 | CV25: 321 | CW25: 34 | CX25: 10.59 | CY25: 3303 | CZ25: 2125 | DA25: 64.34
A26: 20 | B26: KABUPATEN JEPARA | C26: 94133 | D26: 17989 | E26: 38745 | F26: 56731 | G26: 17336 | H26: 96.37 | I26: 37485 | J26: 96.75 | K26: 54816 | L26: 96.62 | M26: 17332 | N26: 96.35 | O26: 37514 | P26: 96.82 | Q26: 54841 | R26: 96.67 | S26: 17298 | T26: 96.16 | U26: 37495 | V26: 96.77 | W26: 54789 | X26: 96.58 | Y26: 56619 | Z26: 99.8 | AA26: 32301 | AB26: 21103 | AC26: =AB26/W26*100 -> 38.516856 | AD26: 1139 | AE26: 224 | AF26: 53414 | AG26: 60.47 | AH26: 2885 | AI26: 5.27 | AJ26: 2655 | AK26: 4.84 | AL26: 1505 | AM26: 2.74 | AN26: 4133 | AO26: 7.54 | AP26: 8166 | AQ26: 3612 | AR26: 3378 | AS26: 93.52 | AT26: 5740 | AU26: 2196 | AV26: 38.26 | AW26: 6875 | AX26: 3311 | AY26: 48.16 | AZ26: 3042 | BA26: 91.88 | BB26: 3208 | BC26: 96.89 | BD26: 3013 | BE26: 91 | BF26: 6331 | BG26: 6277 | BH26: 99.15 | BI26: 63014 | BJ26: 62885 | BK26: 8899 | BL26: 8895 | BM26: 99.96 | BN26: 5385 | BO26: 5284 | BP26: 61467 | BQ26: 60199 | BR26: 59194 | BS26: 97.94 | BT26: 11716 | BU26: 11561 | BV26: 98.68 | BW26: 70366 | BX26: 68089 | BY26: 96.76 | BZ26: 82082 | CA26: 79650 | CB26: 97.04 | CC26: 9762 | CD26: 810 | CE26: 8.3 | CF26: 9998 | CG26: 1217 | CH26: 12.17 | CI26: 67906 | CJ26: 3547 | CK26: 5.22 | CL26: - | CM26: 49 | CN26: 2 | CO26: 4.08 | CP26: 267 | CQ26: 23 | CR26: 8.61 | CS26: 462 | CT26: 13 | CU26: 2.81 | CV26: 729 | CW26: 36 | CX26: 4.94 | CY26: 5119 | CZ26: 196 | DA26: 3.83
A27: 21 | B27: KABUPATEN DEMAK | C27: 97838 | D27: 21507 | E27: 42718 | F27: 64231 | G27: 21287 | H27: 98.98 | I27: 42599 | J27: 99.72 | K27: 63894 | L27: 99.48 | M27: 21308 | N27: 99.07 | O27: 42559 | P27: 99.63 | Q27: 63876 | R27: 99.45 | S27: 21307 | T27: 99.07 | U27: 42581 | V27: 99.68 | W27: 63900 | X27: 99.48 | Y27: 62968 | Z27: 98.03 | AA27: 39277 | AB27: 23515 | AC27: =AB27/W27*100 -> 36.799687 | AD27: 481 | AE27: 553 | AF27: 62800 | AG27: 62.54 | AH27: 1333 | AI27: 2.09 | AJ27: 1792 | AK27: 2.81 | AL27: 2958 | AM27: 4.63 | AN27: 2500 | AO27: 3.91 | AP27: 12378 | AQ27: 10131 | AR27: 9602 | AS27: 94.78 | AT27: 7333 | AU27: 6170 | AV27: 84.14 | AW27: 7805 | AX27: 7575 | AY27: 97.05 | AZ27: 7514 | BA27: 99.19 | BB27: 7502 | BC27: 99.04 | BD27: 7475 | BE27: 98.68 | BF27: 8098 | BG27: 8092 | BH27: 99.93 | BI27: 68496 | BJ27: 68496 | BK27: 10044 | BL27: 10037 | BM27: 99.93 | BN27: 6442 | BO27: 6439 | BP27: 66832 | BQ27: 66824 | BR27: 66363 | BS27: 99.99 | BT27: 14540 | BU27: 14531 | BV27: 99.94 | BW27: 76876 | BX27: 76400 | BY27: 99.38 | BZ27: 91416 | CA27: 90931 | CB27: 99.47 | CC27: 9014 | CD27: 1455 | CE27: 16.14 | CF27: 7162 | CG27: 0 | CH27: 0 | CI27: 99614 | CJ27: 14 | CK27: 0.01 | CL27: - | CM27: 9 | CN27: 3 | CO27: 33.33 | CP27: 27 | CQ27: 18 | CR27: 66.67 | CS27: 48 | CT27: 34 | CU27: 70.83 | CV27: 75 | CW27: 52 | CX27: 69.33 | CY27: 2702 | CZ27: 83 | DA27: 3.07
A28: 22 | B28: KABUPATEN SEMARANG | C28: 80514 | D28: 17193 | E28: 33218 | F28: 50406 | G28: 16572 | H28: 96.39 | I28: 32759 | J28: 98.62 | K28: 49325 | L28: 97.86 | M28: 16588 | N28: 96.48 | O28: 32722 | P28: 98.51 | Q28: 49310 | R28: 97.83 | S28: 16584 | T28: 96.46 | U28: 32733 | V28: 98.54 | W28: 49315 | X28: 97.84 | Y28: 50240 | Z28: 99.67 | AA28: 26004 | AB28: 21933 | AC28: =AB28/W28*100 -> 44.475312 | AD28: 1050 | AE28: 257 | AF28: 47928 | AG28: 54.26 | AH28: 1428 | AI28: 2.9 | AJ28: 1311 | AK28: 2.66 | AL28: 2384 | AM28: 4.83 | AN28: 2666 | AO28: 5.4 | AP28: 8898 | AQ28: 5938 | AR28: 5120 | AS28: 86.22 | AT28: 6006 | AU28: 3475 | AV28: 57.86 | AW28: 7835 | AX28: 5518 | AY28: 70.43 | AZ28: 5429 | BA28: 98.39 | BB28: 5479 | BC28: 99.29 | BD28: 5416 | BE28: 98.15 | BF28: 5318 | BG28: 5045 | BH28: 94.87 | BI28: 52142 | BJ28: 50425 | BK28: 7588 | BL28: 7239 | BM28: 95.4 | BN28: 5179 | BO28: 5060 | BP28: 50492 | BQ28: 49171 | BR28: 46943 | BS28: 97.38 | BT28: 10497 | BU28: 10105 | BV28: 96.27 | BW28: 58080 | BX28: 54182 | BY28: 93.29 | BZ28: 68577 | CA28: 64287 | CB28: 93.74 | CC28: 5671 | CD28: 735 | CE28: 12.96 | CF28: 8185 | CG28: 644 | CH28: 7.87 | CI28: 73845 | CJ28: 1383 | CK28: 1.87 | CL28: - | CM28: 7 | CN28: 0 | CO28: 0 | CP28: 7 | CQ28: 1 | CR28: 14.29 | CS28: 20 | CT28: 0 | CU28: 0 | CV28: 27 | CW28: 1 | CX28: 3.7 | CY28: 1555 | CZ28: 53 | DA28: 3.41
A29: 23 | B29: KABUPATEN TEMANGGUNG | C29: 30777 | D29: 9112 | E29: 17400 | F29: 26517 | G29: 8923 | H29: 97.93 | I29: 17204 | J29: 98.87 | K29: 26122 | L29: 98.51 | M29: 8936 | N29: 98.07 | O29: 17197 | P29: 98.83 | Q29: 26128 | R29: 98.53 | S29: 8933 | T29: 98.04 | U29: 17198 | V29: 98.84 | W29: 26124 | X29: 98.52 | Y29: 25715 | Z29: 96.98 | AA29: 13489 | AB29: 11954 | AC29: =AB29/W29*100 -> 45.758689 | AD29: 438 | AE29: 232 | AF29: 25449 | AG29: 53 | AH29: 3683 | AI29: 14.1 | AJ29: 895 | AK29: 3.43 | AL29: 930 | AM29: 3.56 | AN29: 2570 | AO29: 9.84 | AP29: 4874 | AQ29: 3180 | AR29: 2536 | AS29: 79.75 | AT29: 3175 | AU29: 1294 | AV29: 40.76 | AW29: 3689 | AX29: 3379 | AY29: 91.6 | AZ29: 3241 | BA29: 95.92 | BB29: 3316 | BC29: 98.14 | BD29: 3236 | BE29: 95.77 | BF29: 2231 | BG29: 2199 | BH29: 98.57 | BI29: 21745 | BJ29: 21531 | BK29: 3151 | BL29: 3122 | BM29: 99.08 | BN29: 3438 | BO29: 3437 | BP29: 33734 | BQ29: 33728 | BR29: 32980 | BS29: 99.98 | BT29: 5669 | BU29: 5636 | BV29: 99.42 | BW29: 36885 | BX29: 36102 | BY29: 97.88 | BZ29: 42554 | CA29: 41738 | CB29: 98.08 | CC29: 2530 | CD29: 278 | CE29: 10.99 | CF29: 5863 | CG29: 312 | CH29: 5.32 | CI29: 27459 | CJ29: 4 | CK29: 0.01 | CL29: - | CM29: 10 | CN29: 0 | CO29: 0 | CP29: 16 | CQ29: 2 | CR29: 12.5 | CS29: 31 | CT29: 0 | CU29: 0 | CV29: 47 | CW29: 2 | CX29: 4.26 | CY29: 3769 | CZ29: 15 | DA29: 0.4
A30: 24 | B30: KABUPATEN KENDAL | C30: 79309 | D30: 15773 | E30: 29781 | F30: 45550 | G30: 15182 | H30: 96.25 | I30: 29340 | J30: 98.52 | K30: 44525 | L30: 97.75 | M30: 15217 | N30: 96.47 | O30: 29347 | P30: 98.54 | Q30: 44566 | R30: 97.84 | S30: 15212 | T30: 96.44 | U30: 29348 | V30: 98.55 | W30: 44562 | X30: 97.83 | Y30: 45365 | Z30: 99.59 | AA30: 23029 | AB30: 20074 | AC30: =AB30/W30*100 -> 45.04735 | AD30: 923 | AE30: 509 | AF30: 43096 | AG30: 53.44 | AH30: 5288 | AI30: 11.87 | AJ30: 2750 | AK30: 6.17 | AL30: 2018 | AM30: 4.53 | AN30: 4936 | AO30: 11.09 | AP30: 9388 | AQ30: 4999 | AR30: 4287 | AS30: 85.76 | AT30: 5490 | AU30: 2866 | AV30: 52.2 | AW30: 5373 | AX30: 4648 | AY30: 86.51 | AZ30: 4482 | BA30: 96.43 | BB30: 4575 | BC30: 98.43 | BD30: 4469 | BE30: 96.15 | BF30: 5163 | BG30: 5120 | BH30: 99.17 | BI30: 48737 | BJ30: 48588 | BK30: 7014 | BL30: 7006 | BM30: 99.89 | BN30: 4919 | BO30: 4847 | BP30: 47126 | BQ30: 46758 | BR30: 45483 | BS30: 99.22 | BT30: 10082 | BU30: 9967 | BV30: 98.86 | BW30: 54140 | BX30: 52489 | BY30: 96.95 | BZ30: 64222 | CA30: 62456 | CB30: 97.25 | CC30: 11707 | CD30: 500 | CE30: 4.27 | CF30: 14179 | CG30: 913 | CH30: 6.44 | CI30: 67085 | CJ30: 2429 | CK30: 3.62 | CL30: - | CM30: 73 | CN30: 3 | CO30: 4.11 | CP30: 146 | CQ30: 13 | CR30: 8.9 | CS30: 312 | CT30: 25 | CU30: 8.01 | CV30: 458 | CW30: 38 | CX30: 8.3 | CY30: 13522 | CZ30: 453 | DA30: 3.35
A31: 25 | B31: KABUPATEN BATANG | C31: 66484 | D31: 13909 | E31: 24220 | F31: 38133 | G31: 13239 | H31: 95.18 | I31: 23075 | J31: 95.27 | K31: 36315 | L31: 95.23 | M31: 13251 | N31: 95.27 | O31: 23117 | P31: 95.45 | Q31: 36366 | R31: 95.37 | S31: 13247 | T31: 95.24 | U31: 23095 | V31: 95.36 | W31: 36341 | X31: 95.3 | Y31: 38041 | Z31: 99.76 | AA31: 18705 | AB31: 15743 | AC31: =AB31/W31*100 -> 43.320217 | AD31: 1368 | AE31: 528 | AF31: 34446 | AG31: 54.3 | AH31: 3533 | AI31: 9.72 | AJ31: 1675 | AK31: 4.61 | AL31: 1482 | AM31: 4.08 | AN31: 3681 | AO31: 10.14 | AP31: 8523 | AQ31: 7098 | AR31: 6441 | AS31: 90.74 | AT31: 4999 | AU31: 3234 | AV31: 64.69 | AW31: 5129 | AX31: 4434 | AY31: 86.45 | AZ31: 4235 | BA31: 95.51 | BB31: 4346 | BC31: 98.02 | BD31: 4193 | BE31: 94.56 | BF31: 4483 | BG31: 4478 | BH31: 99.89 | BI31: 39028 | BJ31: 39021 | BK31: 5867 | BL31: 5865 | BM31: 99.97 | BN31: 4411 | BO31: 4382 | BP31: 38304 | BQ31: 38216 | BR31: 37662 | BS31: 99.77 | BT31: 8894 | BU31: 8860 | BV31: 99.62 | BW31: 44171 | BX31: 43527 | BY31: 98.54 | BZ31: 53065 | CA31: 52387 | CB31: 98.72 | CC31: 8577 | CD31: 1548 | CE31: 18.05 | CF31: 13059 | CG31: 1023 | CH31: 7.83 | CI31: 64466 | CJ31: 1406 | CK31: 2.18 | CL31: - | CM31: 46 | CN31: 6 | CO31: 13.04 | CP31: 88 | CQ31: 24 | CR31: 27.27 | CS31: 217 | CT31: 39 | CU31: 17.97 | CV31: 305 | CW31: 63 | CX31: 20.66 | CY31: 9238 | CZ31: 23 | DA31: 0.25
A32: 26 | B32: KABUPATEN PEKALONGAN | C32: 70219 | D32: 15797 | E32: 28704 | F32: 44512 | G32: 14733 | H32: 93.26 | I32: 27522 | J32: 95.88 | K32: 42261 | L32: 94.94 | M32: 14722 | N32: 93.19 | O32: 27513 | P32: 95.85 | Q32: 42245 | R32: 94.91 | S32: 14719 | T32: 93.18 | U32: 27514 | V32: 95.85 | W32: 42241 | X32: 94.9 | Y32: 44383 | Z32: 99.71 | AA32: 23320 | AB32: 16435 | AC32: =AB32/W32*100 -> 38.907696 | AD32: 1946 | AE32: 436 | AF32: 39759 | AG32: 58.65 | AH32: 3267 | AI32: 7.73 | AJ32: 2545 | AK32: 6.02 | AL32: 1045 | AM32: 2.47 | AN32: 4460 | AO32: 10.55 | AP32: 9608 | AQ32: 6557 | AR32: 6088 | AS32: 92.85 | AT32: 5689 | AU32: 3780 | AV32: 66.44 | AW32: 5569 | AX32: 4765 | AY32: 85.56 | AZ32: 4527 | BA32: 95.01 | BB32: 4688 | BC32: 98.38 | BD32: 4508 | BE32: 94.61 | BF32: 5319 | BG32: 5208 | BH32: 97.91 | BI32: 49506 | BJ32: 48228 | BK32: 6918 | BL32: 6781 | BM32: 98.02 | BN32: 5380 | BO32: 4844 | BP32: 47869 | BQ32: 47163 | BR32: 45588 | BS32: 98.53 | BT32: 10699 | BU32: 10052 | BV32: 93.95 | BW32: 54787 | BX32: 52369 | BY32: 95.59 | BZ32: 65486 | CA32: 62421 | CB32: 95.32 | CC32: 12125 | CD32: 492 | CE32: 4.06 | CF32: 13386 | CG32: 118 | CH32: 0.88 | CI32: 56554 | CJ32: 412 | CK32: 0.73 | CL32: - | CM32: 14 | CN32: 39 | CO32: 278.57 | CP32: 127 | CQ32: 112 | CR32: 88.19 | CS32: 173 | CT32: 135 | CU32: 78.03 | CV32: 300 | CW32: 247 | CX32: 82.33 | CY32: 8299 | CZ32: 1112 | DA32: 13.4
A33: 27 | B33: KABUPATEN PEMALANG | C33: 129907 | D33: 21574 | E33: 42401 | F33: 63979 | G33: 20954 | H33: 97.13 | I33: 41978 | J33: 99 | K33: 62924 | L33: 98.35 | M33: 20946 | N33: 97.09 | O33: 42012 | P33: 99.08 | Q33: 62948 | R33: 98.39 | S33: 20932 | T33: 97.02 | U33: 41957 | V33: 98.95 | W33: 62884 | X33: 98.29 | Y33: 63361 | Z33: 99.03 | AA33: 32497 | AB33: 28418 | AC33: =AB33/W33*100 -> 45.191146 | AD33: 1517 | AE33: 535 | AF33: 60900 | AG33: 53.36 | AH33: 6028 | AI33: 9.59 | AJ33: 3618 | AK33: 5.75 | AL33: 1672 | AM33: 2.66 | AN33: 5501 | AO33: 8.74 | AP33: 11881 | AQ33: 6762 | AR33: 5316 | AS33: 78.62 | AT33: 7425 | AU33: 3404 | AV33: 45.85 | AW33: 7448 | AX33: 5678 | AY33: 76.24 | AZ33: 5591 | BA33: 98.47 | BB33: 5623 | BC33: 99.03 | BD33: 5580 | BE33: 98.27 | BF33: 6363 | BG33: 5741 | BH33: 90.22 | BI33: 67920 | BJ33: 65100 | BK33: 9968 | BL33: 9548 | BM33: 95.79 | BN33: 7065 | BO33: 6717 | BP33: 66531 | BQ33: 66062 | BR33: 60760 | BS33: 99.3 | BT33: 13428 | BU33: 12458 | BV33: 92.78 | BW33: 76499 | BX33: 70308 | BY33: 91.91 | BZ33: 89927 | CA33: 82766 | CB33: 92.04 | CC33: 17977 | CD33: 369 | CE33: 2.05 | CF33: 16780 | CG33: 700 | CH33: 4.17 | CI33: 106661 | CJ33: 884 | CK33: 0.83 | CL33: - | CM33: 59 | CN33: 19 | CO33: 32.2 | CP33: 238 | CQ33: 91 | CR33: 38.24 | CS33: 512 | CT33: 157 | CU33: 30.66 | CV33: 750 | CW33: 248 | CX33: 33.07 | CY33: 12293 | CZ33: 12 | DA33: 0.1
A34: 28 | B34: KABUPATEN TEGAL | C34: 136099 | D34: 25878 | E34: 45735 | F34: 71622 | G34: 24128 | H34: 93.24 | I34: 43971 | J34: 96.14 | K34: 68101 | L34: 95.08 | M34: 24120 | N34: 93.21 | O34: 43971 | P34: 96.14 | Q34: 68097 | R34: 95.08 | S34: 24121 | T34: 93.21 | U34: 43912 | V34: 96.01 | W34: 68037 | X34: 94.99 | Y34: 71200 | Z34: 99.41 | AA34: 35444 | AB34: 29802 | AC34: =AB34/W34*100 -> 43.802637 | AD34: 2028 | AE34: 835 | AF34: 65249 | AG34: 54.32 | AH34: 10044 | AI34: 14.76 | AJ34: 4494 | AK34: 6.6 | AL34: 1860 | AM34: 2.73 | AN34: 8705 | AO34: 12.78 | AP34: 15809 | AQ34: 12781 | AR34: 11937 | AS34: 93.4 | AT34: 8938 | AU34: 6911 | AV34: 77.32 | AW34: 8995 | AX34: 7179 | AY34: 79.81 | AZ34: 6846 | BA34: 95.36 | BB34: 6981 | BC34: 97.24 | BD34: 6793 | BE34: 94.62 | BF34: 8357 | BG34: 8211 | BH34: 98.25 | BI34: 75503 | BJ34: 74423 | BK34: 10755 | BL34: 10526 | BM34: 97.87 | BN34: 8083 | BO34: 7941 | BP34: 72718 | BQ34: 71608 | BR34: 70027 | BS34: 98.47 | BT34: 16440 | BU34: 16152 | BV34: 98.25 | BW34: 83473 | BX34: 80553 | BY34: 96.5 | BZ34: 99913 | CA34: 96705 | CB34: 96.79 | CC34: 26537 | CD34: 787 | CE34: 2.97 | CF34: 36263 | CG34: 1058 | CH34: 2.92 | CI34: 140410 | CJ34: 4265 | CK34: 3.04 | CL34: - | CM34: 119 | CN34: 90 | CO34: 75.63 | CP34: 485 | CQ34: 276 | CR34: 56.91 | CS34: 763 | CT34: 469 | CU34: 61.47 | CV34: 1248 | CW34: 745 | CX34: 59.7 | CY34: 19122 | CZ34: 236 | DA34: 1.23
A35: 29 | B35: KABUPATEN BREBES | C35: 162589 | D35: 29056 | E35: 53714 | F35: 82772 | G35: 26292 | H35: 90.49 | I35: 47727 | J35: 88.85 | K35: 74016 | L35: 89.42 | M35: 26279 | N35: 90.44 | O35: 47791 | P35: 88.97 | Q35: 74069 | R35: 89.49 | S35: 26296 | T35: 90.5 | U35: 47791 | V35: 88.97 | W35: 74086 | X35: 89.51 | Y35: 82590 | Z35: 99.78 | AA35: 36666 | AB35: 32236 | AC35: =AB35/W35*100 -> 43.511595 | AD35: 4560 | AE35: 560 | AF35: 68903 | AG35: 53.21 | AH35: 8891 | AI35: 12 | AJ35: 4649 | AK35: 6.28 | AL35: 1979 | AM35: 2.67 | AN35: 8538 | AO35: 11.54 | AP35: 15402 | AQ35: 4804 | AR35: 4448 | AS35: 92.59 | AT35: 10027 | AU35: 2434 | AV35: 24.27 | AW35: 10079 | AX35: 1126 | AY35: 11.17 | AZ35: 954 | BA35: 84.72 | BB35: 1083 | BC35: 96.18 | BD35: 949 | BE35: 84.28 | BF35: 9443 | BG35: 7769 | BH35: 82.27 | BI35: 88422 | BJ35: 75734 | BK35: 12056 | BL35: 10062 | BM35: 83.46 | BN35: 9431 | BO35: 8703 | BP35: 87632 | BQ35: 82286 | BR35: 70924 | BS35: 93.9 | BT35: 18874 | BU35: 16472 | BV35: 87.27 | BW35: 99688 | BX35: 80986 | BY35: 81.24 | BZ35: 118562 | CA35: 97458 | CB35: 82.2 | CC35: 21515 | CD35: 1082 | CE35: 5.03 | CF35: 26180 | CG35: 712 | CH35: 2.72 | CI35: 120981 | CJ35: 3350 | CK35: 2.77 | CL35: - | CM35: 55 | CN35: 2 | CO35: 3.64 | CP35: 256 | CQ35: 59 | CR35: 23.05 | CS35: 436 | CT35: 63 | CU35: 14.45 | CV35: 692 | CW35: 122 | CX35: 17.63 | CY35: 13868 | CZ35: 106 | DA35: 0.76
A36: 30 | B36: KOTA MAGELANG | C36: 6976 | D36: 1134 | E36: 2164 | F36: 3296 | G36: 1065 | H36: 93.92 | I36: 2131 | J36: 98.48 | K36: 3196 | L36: 96.97 | M36: 1067 | N36: 94.09 | O36: 2130 | P36: 98.43 | Q36: 3196 | R36: 96.97 | S36: 1067 | T36: 94.09 | U36: 2130 | V36: 98.43 | W36: 3197 | X36: 97 | Y36: 3294 | Z36: 99.94 | AA36: 1550 | AB36: 1500 | AC36: =AB36/W36*100 -> 46.918987 | AD36: 106 | AE36: 36 | AF36: 3053 | AG36: 50.77 | AH36: 349 | AI36: 10.92 | AJ36: 117 | AK36: 3.66 | AL36: 169 | AM36: 5.29 | AN36: 286 | AO36: 8.95 | AP36: 678 | AQ36: 472 | AR36: 364 | AS36: 77.12 | AT36: 387 | AU36: 221 | AV36: 57.11 | AW36: 372 | AX36: 355 | AY36: 95.43 | AZ36: 329 | BA36: 92.68 | BB36: 338 | BC36: 95.21 | BD36: 324 | BE36: 91.27 | BF36: 352 | BG36: 352 | BH36: 100 | BI36: 3597 | BJ36: 3587 | BK36: 524 | BL36: 522 | BM36: 99.62 | BN36: 330 | BO36: 330 | BP36: 3457 | BQ36: 3457 | BR36: 3396 | BS36: 100 | BT36: 682 | BU36: 682 | BV36: 100 | BW36: 3981 | BX36: 3918 | BY36: 98.42 | BZ36: 4663 | CA36: 4600 | CB36: 98.65 | CC36: 668 | CD36: 132 | CE36: 19.76 | CF36: 1319 | CG36: 164 | CH36: 12.43 | CI36: 6827 | CJ36: 573 | CK36: 8.39 | CL36: - | CM36: 0 | CN36: 0 | CO36: 0 | CP36: 0 | CQ36: 1 | CR36: 0 | CS36: 2 | CT36: 0 | CU36: 0 | CV36: 2 | CW36: 1 | CX36: 50 | CY36: 847 | CZ36: 57 | DA36: 6.73
A37: 31 | B37: KOTA SURAKARTA | C37: 35043 | D37: 5454 | E37: 11039 | F37: 16495 | G37: 5383 | H37: 98.7 | I37: 10984 | J37: 99.5 | K37: 16366 | L37: 99.22 | M37: 5383 | N37: 98.7 | O37: 10988 | P37: 99.54 | Q37: 16370 | R37: 99.24 | S37: 5383 | T37: 98.7 | U37: 10945 | V37: 99.15 | W37: 16328 | X37: 98.99 | Y37: 16479 | Z37: 99.9 | AA37: 9057 | AB37: 6928 | AC37: =AB37/W37*100 -> 42.430181 | AD37: 270 | AE37: 113 | AF37: 15987 | AG37: 56.65 | AH37: 1231 | AI37: 7.54 | AJ37: 607 | AK37: 3.71 | AL37: 897 | AM37: 5.48 | AN37: 1559 | AO37: 9.53 | AP37: 2548 | AQ37: 1992 | AR37: 1831 | AS37: 91.92 | AT37: 1851 | AU37: 1470 | AV37: 79.42 | AW37: 2972 | AX37: 2572 | AY37: 86.54 | AZ37: 2530 | BA37: 98.37 | BB37: 2545 | BC37: 98.95 | BD37: 2528 | BE37: 98.29 | BF37: 1698 | BG37: 1667 | BH37: 98.17 | BI37: 16664 | BJ37: 16506 | BK37: 2543 | BL37: 2521 | BM37: 99.13 | BN37: 1525 | BO37: 1525 | BP37: 15713 | BQ37: 15700 | BR37: 14982 | BS37: 99.92 | BT37: 3223 | BU37: 3192 | BV37: 99.04 | BW37: 18256 | BX37: 17503 | BY37: 95.88 | BZ37: 21479 | CA37: 20695 | CB37: 96.35 | CC37: 4739 | CD37: 1061 | CE37: 22.39 | CF37: 8735 | CG37: 1389 | CH37: 15.9 | CI37: 40703 | CJ37: 6405 | CK37: 15.74 | CL37: - | CM37: 0 | CN37: 0 | CO37: 0 | CP37: 1 | CQ37: 1 | CR37: 100 | CS37: 0 | CT37: 0 | CU37: 0 | CV37: 1 | CW37: 1 | CX37: 100 | CY37: 2129 | CZ37: 759 | DA37: 35.65
A38: 32 | B38: KOTA SALATIGA | C38: 11057 | D38: 2017 | E38: 3829 | F38: 5845 | G38: 1864 | H38: 92.41 | I38: 3690 | J38: 96.37 | K38: 5548 | L38: 94.92 | M38: 1863 | N38: 92.36 | O38: 3690 | P38: 96.37 | Q38: 5548 | R38: 94.92 | S38: 1863 | T38: 92.36 | U38: 3690 | V38: 96.37 | W38: 5548 | X38: 94.92 | Y38: 5840 | Z38: 99.91 | AA38: 2833 | AB38: 2481 | AC38: =AB38/W38*100 -> 44.718818 | AD38: 179 | AE38: 61 | AF38: 5312 | AG38: 53.33 | AH38: 365 | AI38: 6.58 | AJ38: 134 | AK38: 2.42 | AL38: 318 | AM38: 5.73 | AN38: 375 | AO38: 6.76 | AP38: 1468 | AQ38: 1079 | AR38: 826 | AS38: 76.55 | AT38: 685 | AU38: 388 | AV38: 56.64 | AW38: 565 | AX38: 518 | AY38: 91.68 | AZ38: 514 | BA38: 99.23 | BB38: 517 | BC38: 99.81 | BD38: 513 | BE38: 99.03 | BF38: 714 | BG38: 683 | BH38: 95.66 | BI38: 6889 | BJ38: 6755 | BK38: 1015 | BL38: 992 | BM38: 97.73 | BN38: 689 | BO38: 545 | BP38: 6582 | BQ38: 4829 | BR38: 4708 | BS38: 73.37 | BT38: 1403 | BU38: 1228 | BV38: 87.53 | BW38: 7597 | BX38: 5700 | BY38: 75.03 | BZ38: 9000 | CA38: 6928 | CB38: 76.98 | CC38: 649 | CD38: 98 | CE38: 15.1 | CF38: 1559 | CG38: 284 | CH38: 18.22 | CI38: 10463 | CJ38: 1000 | CK38: 9.56 | CL38: - | CM38: 2 | CN38: 1 | CO38: 50 | CP38: 5 | CQ38: 3 | CR38: 60 | CS38: 1 | CT38: 2 | CU38: 200 | CV38: 6 | CW38: 5 | CX38: 83.33 | CY38: 451 | CZ38: 97 | DA38: 21.51
A39: 33 | B39: KOTA SEMARANG | C39: 113730 | D39: 22363 | E39: 39715 | F39: 62072 | G39: 19212 | H39: 85.91 | I39: 36244 | J39: 91.26 | K39: 55457 | L39: 89.34 | M39: 19205 | N39: 85.88 | O39: 36209 | P39: 91.17 | Q39: 55415 | R39: 89.28 | S39: 19212 | T39: 85.91 | U39: 36244 | V39: 91.26 | W39: 55456 | X39: 89.34 | Y39: 62016 | Z39: 99.91 | AA39: 37767 | AB39: 12748 | AC39: =AB39/W39*100 -> 22.987594 | AD39: 4435 | AE39: 598 | AF39: 50515 | AG39: 74.76 | AH39: 2636 | AI39: 4.75 | AJ39: 1425 | AK39: 2.57 | AL39: 4195 | AM39: 7.57 | AN39: 2884 | AO39: 5.2 | AP39: 12574 | AQ39: 11847 | AR39: 11478 | AS39: 96.89 | AT39: 8115 | AU39: 7314 | AV39: 90.13 | AW39: 9693 | AX39: 8011 | AY39: 82.65 | AZ39: 7925 | BA39: 98.93 | BB39: 7991 | BC39: 99.75 | BD39: 7916 | BE39: 98.81 | BF39: 7298 | BG39: 7196 | BH39: 98.6 | BI39: 62833 | BJ39: 61894 | BK39: 9593 | BL39: 9420 | BM39: 98.2 | BN39: 6740 | BO39: 6610 | BP39: 60403 | BQ39: 60163 | BR39: 57755 | BS39: 99.6 | BT39: 14038 | BU39: 13806 | BV39: 98.35 | BW39: 69996 | BX39: 67175 | BY39: 95.97 | BZ39: 84034 | CA39: 80981 | CB39: 96.37 | CC39: 7128 | CD39: 2467 | CE39: 34.61 | CF39: 10192 | CG39: 3402 | CH39: 33.38 | CI39: 49683 | CJ39: 6169 | CK39: 12.42 | CL39: - | CM39: 23 | CN39: 19 | CO39: 82.61 | CP39: 217 | CQ39: 226 | CR39: 104.15 | CS39: 401 | CT39: 407 | CU39: 101.5 | CV39: 618 | CW39: 633 | CX39: 102.43 | CY39: 7104 | CZ39: 1689 | DA39: 23.78
A40: 34 | B40: KOTA PEKALONGAN | C40: 26603 | D40: 5108 | E40: 8678 | F40: 13784 | G40: 4629 | H40: 90.62 | I40: 8511 | J40: 98.08 | K40: 13140 | L40: 95.33 | M40: 4618 | N40: 90.41 | O40: 8481 | P40: 97.73 | Q40: 13099 | R40: 95.03 | S40: 4611 | T40: 90.27 | U40: 8492 | V40: 97.86 | W40: 13103 | X40: 95.06 | Y40: 13582 | Z40: 98.53 | AA40: 6290 | AB40: 6112 | AC40: =AB40/W40*100 -> 46.645806 | AD40: 514 | AE40: 204 | AF40: 12400 | AG40: 50.73 | AH40: 1029 | AI40: 7.85 | AJ40: 946 | AK40: 7.22 | AL40: 301 | AM40: 2.3 | AN40: 1767 | AO40: 13.45 | AP40: 3202 | AQ40: 2503 | AR40: 2364 | AS40: 94.45 | AT40: 1868 | AU40: 1471 | AV40: 78.75 | AW40: 1727 | AX40: 1586 | AY40: 91.84 | AZ40: 1530 | BA40: 96.47 | BB40: 1574 | BC40: 99.24 | BD40: 1522 | BE40: 95.96 | BF40: 1719 | BG40: 1703 | BH40: 99.07 | BI40: 14603 | BJ40: 14408 | BK40: 2152 | BL40: 2103 | BM40: 97.72 | BN40: 1550 | BO40: 1538 | BP40: 13805 | BQ40: 13705 | BR40: 13054 | BS40: 99.28 | BT40: 3269 | BU40: 3241 | BV40: 99.14 | BW40: 15957 | BX40: 15157 | BY40: 94.99 | BZ40: 19226 | CA40: 18398 | CB40: 95.69 | CC40: 7181 | CD40: 351 | CE40: 4.89 | CF40: 7582 | CG40: 327 | CH40: 4.31 | CI40: 33633 | CJ40: 454 | CK40: 1.35 | CL40: - | CM40: 11 | CN40: 7 | CO40: 63.64 | CP40: 55 | CQ40: 41 | CR40: 74.55 | CS40: 72 | CT40: 65 | CU40: 90.28 | CV40: 127 | CW40: 106 | CX40: 83.46 | CY40: 2767 | CZ40: 1920 | DA40: 69.39
A41: 35 | B41: KOTA TEGAL | C41: 22866 | D41: 2759 | E41: 5020 | F41: 7781 | G41: 2693 | H41: 97.61 | I41: 4963 | J41: 98.86 | K41: 7658 | L41: 98.42 | M41: 2693 | N41: 97.61 | O41: 4963 | P41: 98.86 | Q41: 7657 | R41: 98.41 | S41: 2693 | T41: 97.61 | U41: 4963 | V41: 98.86 | W41: 7657 | X41: 98.41 | Y41: 7773 | Z41: 99.9 | AA41: 3859 | AB41: 3570 | AC41: =AB41/W41*100 -> 46.624004 | AD41: 179 | AE41: 48 | AF41: 7432 | AG41: 51.92 | AH41: 715 | AI41: 9.34 | AJ41: 582 | AK41: 7.6 | AL41: 246 | AM41: 3.21 | AN41: 1188 | AO41: 15.51 | AP41: 1378 | AQ41: 881 | AR41: 812 | AS41: 92.17 | AT41: 1033 | AU41: 455 | AV41: 44.05 | AW41: 1254 | AX41: 874 | AY41: 69.7 | AZ41: 857 | BA41: 98.05 | BB41: 858 | BC41: 98.17 | BD41: 845 | BE41: 96.68 | BF41: 829 | BG41: 819 | BH41: 98.79 | BI41: 7565 | BJ41: 7510 | BK41: 1039 | BL41: 1037 | BM41: 99.81 | BN41: 936 | BO41: 936 | BP41: 8291 | BQ41: 8291 | BR41: 7851 | BS41: 100 | BT41: 1765 | BU41: 1755 | BV41: 99.43 | BW41: 9330 | BX41: 8888 | BY41: 95.26 | BZ41: 11095 | CA41: 10643 | CB41: 95.93 | CC41: 1648 | CD41: 4 | CE41: 0.24 | CF41: 2084 | CG41: 30 | CH41: 1.44 | CI41: 7328 | CJ41: 211 | CK41: 2.88 | CL41: - | CM41: 0 | CN41: 0 | CO41: 0 | CP41: 9 | CQ41: 0 | CR41: 0 | CS41: 31 | CT41: 2 | CU41: 6.45 | CV41: 40 | CW41: 2 | CX41: 5 | CY41: 886 | CZ41: 65 | DA41: 7.34
A42: JUMLAH | C42: 2678401 | D42: 528051 | E42: 992842 | F42: 1520919 | G42: 503295 | H42: 95.31 | I42: 959189 | J42: 96.61 | K42: 1462457 | L42: 96.16 | M42: 503188 | N42: 95.29 | O42: 958959 | P42: 96.59 | Q42: 1462124 | R42: 96.13 | S42: 503125 | T42: 95.28 | U42: 958946 | V42: 96.59 | W42: 1462055 | X42: 96.13 | Y42: 1501475 | Z42: 98.72 | AA42: 776772 | AB42: 626629 | AC42: =AB42/W42*100 -> 42.859468 | AD42: 44528 | AE42: 13775 | AF42: 1403391 | AG42: 55.35 | AH42: 141184 | AI42: 9.66 | AJ42: 67989 | AK42: 4.65 | AL42: 56204 | AM42: 3.84 | AN42: 140875 | AO42: 9.63 | AP42: 294595 | AQ42: 200116 | AR42: 179652 | AS42: 89.77 | AT42: 180919 | AU42: 110095 | AV42: 60.85 | AW42: 199165 | AX42: 148936 | AY42: 74.78 | AZ42: 142817 | BA42: 95.89 | BB42: 146274 | BC42: 98.21 | BD42: 141953 | BE42: 95.31 | BF42: 172835 | BG42: 166551 | BH42: 96.36 | BI42: 1611264 | BJ42: 1567613 | BK42: 237475 | BL42: 230349 | BM42: 97 | BN42: 161697 | BO42: 157569 | BP42: 1572365 | BQ42: 1545845 | BR42: 1485365 | BS42: 98.31 | BT42: 334532 | BU42: 324120 | BV42: 96.89 | BW42: 1809840 | BX42: 1715714 | BY42: 94.8 | BZ42: 2144372 | CA42: 2039834 | CB42: 95.13 | CC42: 334648 | CD42: 27677 | CE42: 8.27 | CF42: 485088 | CG42: 30651 | CH42: 6.32 | CI42: 2381579 | CJ42: 80218 | CK42: 3.37 | CL42: - | CM42: 940 | CN42: 318 | CO42: 33.83 | CP42: 3751 | CQ42: 1549 | CR42: 41.3 | CS42: 6730 | CT42: 2487 | CU42: 36.95 | CV42: 10481 | CW42: 4036 | CX42: 38.51 | CY42: 288270 | CZ42: 14790 | DA42: 5.13

Sheet BUMIL
A1: Data Tarik : 2026-10-01 04:43:44
A2: Penarikan Data (Update) dilakukan secara rutin 8 jam sekali
A3: No | B3: Kabupaten/Kota | C3: Persentase anemia pada ibu hamil | I3: Persentase ibu hamil anemia ringan yang mendapat terapi TTD oral (Tatalaksana Anemia) | K3: Persentase ibu hamil anemia sedang dan berat yang mendapatkan tata laksana di tingkat lanjutan (Tatalaksana Anemia) | M3: Persentase ibu hamil mendapat suplementasi gizi | W3: Persentase ibu hamil kurang energi kronik | Z3: Persentase ibu hamil KEK mendapat makanan tambahan | AD3: Laporan Pemeriksaan ANC
C4: Jumlah ibu hamil anemia sampai TW ini | H4: % | I4: Jumlah ibu hamil anemia ringan yang mendapat TTD oral sampai TW ini | J4: % | K4: Jumlah ibu hamil anemia sedang dan berat yang mendapatkan tata laksana di tingkat lanjutan sampai TW ini | L4: % | M4: Jumlah sasaran ibu hamil | N4: Jumlah ibu hamil mendapat minimal 180 tablet MMS sampai TW ini | O4: Jumlah ibu hamil mendapat minimal 180 tablet TTD sampai TW ini | P4: Jumlah ibu hamil mendapat suplementasi gizi (minimal 180 tablet TTD dan MMS) sampai TW ini | Q4: % | R4: Jumlah sasaran ibu bersalin | S4: Jumlah ibu hamil mengonsumsi minimal 180 tablet MMS sampai TW ini | T4: Jumlah ibu hamil mengonsumsi minimal 180 tablet TTD sampai TW ini | U4: Jumlah ibu hamil mengonsumsi suplementasi gizi (minimal 180 tablet TTD dan MMS) sampai TW ini | V4: % | W4: Jumlah ibu hamil diukur LILA dan/atau IMT sampai TW ini | X4: Jumlah ibu hamil risiko KEK/KEK sampai TW ini | Y4: % | Z4: Jumlah sasaran ibu hamil KEK ditatalaksana sampai TW ini | AA4: Jumlah ibu hamil KEK mendapat makanan tambahan sampai TW ini | AB4: % | AC4: Jumlah ibu hamil sampai TW ini | AD4: Jumlah ibu bersalin sampai TW ini | AE4: Jumlah ibu hamil yang mendapat pelayanan antenatal pertama (K1 akses) sampai TW ini | AF4: Jumlah ibu hamil yang mendapat pelayanan antenatal pertama di Trimester 1 (K1 murni) sampai TW ini | AG4: Jumlah ibu hamil ANC Trimester 1 dengan Dokter sampai TW ini | AH4: Jumlah ibu hamil ANC Trimester 1 dengan USG sampai TW ini | AI4: Jumlah ibu hamil ANC Trimester 3 dengan Dokter sampai TW ini | AJ4: Jumlah ibu hamil ANC Trimester 3 dengan USG sampai TW ini | AK4: Jumlah ibu bersalin K6 sampai TW ini | AL4: Jumlah ibu bersalin yang mendapat pemeriksaan 12T selama kehamilan sampai TW ini | AM4: Jumlah ibu bersalin K6 sampai TW ini | AN4: % K6 | AO4: Jumlah ibu bersalin yang mendapat pemeriksaan 12T selama kehamilan sampai TW ini | AP4: % 12T
C5: Jumlah ibu hamil periksa Hb sampai TW ini | D5: Anemia ringan (10-10.9 g/dl) | E5: Anemia sedang (7-9.9 g/dl) | F5: Anemia berat (< 7 g/dl) | G5: Jumlah ibu hamil anemia sampai TW ini
A6: [1] | B6: [2] | C6: [3] | D6: [4] | E6: [5] | F6: [6] | G6: [7] | H6: [8] | I6: [9] | J6: [10] | K6: [11] | L6: [12] | M6: [13] | N6: [14] | O6: [15] | P6: [16] | Q6: [17] | R6: [18] | S6: [19] | T6: [20] | U6: [21] | V6: [22] | W6: [23] | X6: [24] | Y6: [25] | Z6: [26] | AA6: [27] | AB6: [28] | AC6: [29] | AD6: [30] | AE6: [31] | AF6: [32] | AG6: [33] | AH6: [34] | AI6: [35] | AJ6: [36] | AK6: [37] | AL6: [38] | AM6: [39] | AN6: [40] | AO6: [41] | AP6: [42]
A7: 1 | B7: KABUPATEN CILACAP | C7: 12839 | D7: 653 | E7: 198 | F7: 5 | G7: 856 | H7: 6.67 | I7: 354 | J7: 54.21 | K7: 38 | L7: 18.72 | M7: 34524 | N7: 8308 | O7: 1208 | P7: 9516 | Q7: 27.56 | R7: 34368 | S7: 3652 | T7: 1175 | U7: 4827 | V7: 14.05 | W7: 16253 | X7: 3237 | Y7: 19.92 | Z7: 833 | AA7: 212 | AB7: 25.45 | AC7: 16198 | AD7: 8291 | AE7: 13961 | AF7: 86.19 | AG7: 12021 | AH7: 74.21 | AI7: 10597 | AJ7: 9995 | AK7: 7838 | AL7: 7433 | AM7: 5342 | AN7: 64.43 | AO7: 4475 | AP7: 53.97
A8: 2 | B8: KABUPATEN BANYUMAS | C8: 11314 | D8: 974 | E8: 329 | F8: 4 | G8: 1307 | H8: 11.55 | I8: 716 | J8: 73.51 | K8: 68 | L8: 20.42 | M8: 26187 | N8: 6250 | O8: 1298 | P8: 7548 | Q8: 28.82 | R8: 26003 | S8: 2708 | T8: 1234 | U8: 3942 | V8: 15.16 | W8: 15601 | X8: 3115 | Y8: 19.97 | Z8: 1029 | AA8: 174 | AB8: 16.91 | AC8: 15615 | AD8: 7670 | AE8: 13437 | AF8: 86.05 | AG8: 10173 | AH8: 65.15 | AI8: 9094 | AJ8: 8377 | AK8: 7424 | AL8: 6971 | AM8: 3711 | AN8: 48.38 | AO8: 3149 | AP8: 41.06
A9: 3 | B9: KABUPATEN PURBALINGGA | C9: 9121 | D9: 1317 | E9: 408 | F9: 51 | G9: 1776 | H9: 19.47 | I9: 670 | J9: 50.87 | K9: 68 | L9: 14.81 | M9: 17970 | N9: 6361 | O9: 369 | P9: 6730 | Q9: 37.45 | R9: 17790 | S9: 1798 | T9: 322 | U9: 2120 | V9: 11.92 | W9: 10662 | X9: 2467 | Y9: 23.14 | Z9: 727 | AA9: 346 | AB9: 47.59 | AC9: 10664 | AD9: 5697 | AE9: 9897 | AF9: 92.81 | AG9: 8248 | AH9: 77.34 | AI9: 7230 | AJ9: 6926 | AK9: 5632 | AL9: 5556 | AM9: 3028 | AN9: 53.15 | AO9: 2619 | AP9: 45.97
A10: 4 | B10: KABUPATEN BANJARNEGARA | C10: 8030 | D10: 750 | E10: 204 | F10: 1 | G10: 955 | H10: 11.89 | I10: 513 | J10: 68.4 | K10: 58 | L10: 28.29 | M10: 15505 | N10: 6581 | O10: 198 | P10: 6779 | Q10: 43.72 | R10: 15451 | S10: 2760 | T10: 237 | U10: 2997 | V10: 19.4 | W10: 9261 | X10: 2162 | Y10: 23.35 | Z10: 1183 | AA10: 381 | AB10: 32.21 | AC10: 9263 | AD10: 4840 | AE10: 8432 | AF10: 91.03 | AG10: 7066 | AH10: 76.28 | AI10: 6258 | AJ10: 5922 | AK10: 4266 | AL10: 4082 | AM10: 2885 | AN10: 59.61 | AO10: 2606 | AP10: 53.84
A11: 5 | B11: KABUPATEN KEBUMEN | C11: 7656 | D11: 1518 | E11: 495 | F11: 7 | G11: 2020 | H11: 26.38 | I11: 659 | J11: 43.41 | K11: 25 | L11: 4.98 | M11: 21799 | N11: 4141 | O11: 169 | P11: 4310 | Q11: 19.77 | R11: 21678 | S11: 1259 | T11: 134 | U11: 1393 | V11: 6.43 | W11: 13094 | X11: 2938 | Y11: 22.44 | Z11: 746 | AA11: 125 | AB11: 16.76 | AC11: 13102 | AD11: 5606 | AE11: 10621 | AF11: 81.06 | AG11: 6105 | AH11: 46.6 | AI11: 3310 | AJ11: 2774 | AK11: 3656 | AL11: 3241 | AM11: 490 | AN11: 8.74 | AO11: 342 | AP11: 6.1
A12: 6 | B12: KABUPATEN PURWOREJO | C12: 3454 | D12: 416 | E12: 146 | F12: 2 | G12: 564 | H12: 16.33 | I12: 237 | J12: 56.97 | K12: 8 | L12: 5.41 | M12: 12710 | N12: 2603 | O12: 67 | P12: 2670 | Q12: 21.01 | R12: 12668 | S12: 716 | T12: 38 | U12: 754 | V12: 5.95 | W12: 4763 | X12: 1144 | Y12: 24.02 | Z12: 595 | AA12: 112 | AB12: 18.82 | AC12: 4752 | AD12: 2474 | AE12: 3918 | AF12: 82.45 | AG12: 2973 | AH12: 62.56 | AI12: 2102 | AJ12: 1882 | AK12: 1568 | AL12: 1481 | AM12: 615 | AN12: 24.86 | AO12: 493 | AP12: 19.93
A13: 7 | B13: KABUPATEN WONOSOBO | C13: 1928 | D13: 170 | E13: 38 | F13: 1 | G13: 209 | H13: 10.84 | I13: 96 | J13: 56.47 | K13: 7 | L13: 17.95 | M13: 13758 | N13: 586 | O13: 213 | P13: 799 | Q13: 5.81 | R13: 13696 | S13: 102 | T13: 167 | U13: 269 | V13: 1.96 | W13: 3608 | X13: 819 | Y13: 22.7 | Z13: 981 | AA13: 190 | AB13: 19.37 | AC13: 3576 | AD13: 1283 | AE13: 2682 | AF13: 75 | AG13: 1829 | AH13: 51.15 | AI13: 898 | AJ13: 793 | AK13: 551 | AL13: 500 | AM13: 190 | AN13: 14.81 | AO13: 160 | AP13: 12.47
A14: 8 | B14: KABUPATEN MAGELANG | C14: 5039 | D14: 316 | E14: 132 | F14: 0 | G14: 448 | H14: 8.89 | I14: 198 | J14: 62.66 | K14: 9 | L14: 6.82 | M14: 22155 | N14: 3765 | O14: 210 | P14: 3975 | Q14: 17.94 | R14: 21991 | S14: 853 | T14: 261 | U14: 1114 | V14: 5.07 | W14: 6956 | X14: 1595 | Y14: 22.93 | Z14: 931 | AA14: 242 | AB14: 25.99 | AC14: 6972 | AD14: 2773 | AE14: 5414 | AF14: 77.65 | AG14: 4159 | AH14: 59.65 | AI14: 3140 | AJ14: 2799 | AK14: 2057 | AL14: 1906 | AM14: 748 | AN14: 26.97 | AO14: 643 | AP14: 23.19
A15: 9 | B15: KABUPATEN BOYOLALI | C15: 5146 | D15: 397 | E15: 115 | F15: 3 | G15: 515 | H15: 10.01 | I15: 223 | J15: 56.17 | K15: 18 | L15: 15.25 | M15: 15228 | N15: 2812 | O15: 343 | P15: 3155 | Q15: 20.72 | R15: 15188 | S15: 812 | T15: 270 | U15: 1082 | V15: 7.12 | W15: 8441 | X15: 1669 | Y15: 19.77 | Z15: 380 | AA15: 86 | AB15: 22.63 | AC15: 8454 | AD15: 3906 | AE15: 6211 | AF15: 73.47 | AG15: 4340 | AH15: 51.34 | AI15: 3070 | AJ15: 2807 | AK15: 2400 | AL15: 2275 | AM15: 873 | AN15: 22.35 | AO15: 732 | AP15: 18.74
A16: 10 | B16: KABUPATEN KLATEN | C16: 6013 | D16: 446 | E16: 134 | F16: 1 | G16: 581 | H16: 9.66 | I16: 358 | J16: 80.27 | K16: 54 | L16: 40 | M16: 19066 | N16: 2328 | O16: 1357 | P16: 3685 | Q16: 19.33 | R16: 18848 | S16: 975 | T16: 1090 | U16: 2065 | V16: 10.96 | W16: 8132 | X16: 1452 | Y16: 17.86 | Z16: 806 | AA16: 285 | AB16: 35.36 | AC16: 8142 | AD16: 4254 | AE16: 6577 | AF16: 80.78 | AG16: 5299 | AH16: 65.08 | AI16: 4530 | AJ16: 4035 | AK16: 3322 | AL16: 3115 | AM16: 1614 | AN16: 37.94 | AO16: 1340 | AP16: 31.5
A17: 11 | B17: KABUPATEN SUKOHARJO | C17: 2765 | D17: 239 | E17: 67 | F17: 1 | G17: 307 | H17: 11.1 | I17: 144 | J17: 60.25 | K17: 7 | L17: 10.29 | M17: 14291 | N17: 907 | O17: 258 | P17: 1165 | Q17: 8.15 | R17: 14217 | S17: 668 | T17: 1102 | U17: 1770 | V17: 12.45 | W17: 4122 | X17: 686 | Y17: 16.64 | Z17: 1194 | AA17: 565 | AB17: 47.32 | AC17: 4124 | AD17: 2137 | AE17: 3190 | AF17: 77.35 | AG17: 1785 | AH17: 43.28 | AI17: 968 | AJ17: 887 | AK17: 883 | AL17: 795 | AM17: 169 | AN17: 7.91 | AO17: 154 | AP17: 7.21
A18: 12 | B18: KABUPATEN WONOGIRI | C18: 3947 | D18: 376 | E18: 124 | F18: 0 | G18: 500 | H18: 12.67 | I18: 230 | J18: 61.17 | K18: 18 | L18: 14.52 | M18: 12466 | N18: 2581 | O18: 125 | P18: 2706 | Q18: 21.71 | R18: 12409 | S18: 527 | T18: 61 | U18: 588 | V18: 4.74 | W18: 6581 | X18: 1305 | Y18: 19.83 | Z18: 544 | AA18: 157 | AB18: 28.86 | AC18: 6576 | AD18: 3577 | AE18: 4922 | AF18: 74.85 | AG18: 3176 | AH18: 48.3 | AI18: 1599 | AJ18: 1342 | AK18: 1209 | AL18: 1059 | AM18: 299 | AN18: 8.36 | AO18: 222 | AP18: 6.21
A19: 13 | B19: KABUPATEN KARANGANYAR | C19: 589 | D19: 27 | E19: 7 | F19: 0 | G19: 34 | H19: 5.77 | I19: 13 | J19: 48.15 | K19: 0 | L19: 0 | M19: 13897 | N19: 405 | O19: 7 | P19: 412 | Q19: 2.96 | R19: 13837 | S19: 120 | T19: 11 | U19: 131 | V19: 0.95 | W19: 1538 | X19: 276 | Y19: 17.95 | Z19: 740 | AA19: 199 | AB19: 26.89 | AC19: 1538 | AD19: 421 | AE19: 764 | AF19: 49.67 | AG19: 365 | AH19: 23.73 | AI19: 170 | AJ19: 140 | AK19: 95 | AL19: 80 | AM19: 1 | AN19: 0.24 | AO19: 0 | AP19: 0
A20: 14 | B20: KABUPATEN SRAGEN | C20: 1347 | D20: 84 | E20: 26 | F20: 0 | G20: 110 | H20: 8.17 | I20: 23 | J20: 27.38 | K20: 0 | L20: 0 | M20: 15675 | N20: 846 | O20: 67 | P20: 913 | Q20: 5.82 | R20: 15570 | S20: 47 | T20: 17 | U20: 64 | V20: 0.41 | W20: 3684 | X20: 699 | Y20: 18.97 | Z20: 514 | AA20: 85 | AB20: 16.54 | AC20: 3630 | AD20: 1175 | AE20: 1828 | AF20: 50.36 | AG20: 1067 | AH20: 29.39 | AI20: 443 | AJ20: 378 | AK20: 395 | AL20: 362 | AM20: 61 | AN20: 5.19 | AO20: 39 | AP20: 3.32
A21: 15 | B21: KABUPATEN GROBOGAN | C21: 6389 | D21: 490 | E21: 114 | F21: 5 | G21: 609 | H21: 9.53 | I21: 219 | J21: 44.69 | K21: 8 | L21: 6.72 | M21: 21900 | N21: 4851 | O21: 149 | P21: 5000 | Q21: 22.83 | R21: 21801 | S21: 2091 | T21: 307 | U21: 2398 | V21: 11 | W21: 10183 | X21: 2074 | Y21: 20.37 | Z21: 748 | AA21: 268 | AB21: 35.83 | AC21: 10188 | AD21: 3828 | AE21: 7518 | AF21: 73.79 | AG21: 5574 | AH21: 54.71 | AI21: 4063 | AJ21: 3567 | AK21: 2944 | AL21: 2636 | AM21: 1864 | AN21: 48.69 | AO21: 1759 | AP21: 45.95
A22: 16 | B22: KABUPATEN BLORA | C22: 8209 | D22: 619 | E22: 160 | F22: 1 | G22: 780 | H22: 9.5 | I22: 573 | J22: 92.57 | K22: 129 | L22: 80.12 | M22: 14338 | N22: 5844 | O22: 1085 | P22: 6929 | Q22: 48.33 | R22: 14265 | S22: 4046 | T22: 844 | U22: 4890 | V22: 34.28 | W22: 8887 | X22: 1626 | Y22: 18.3 | Z22: 810 | AA22: 319 | AB22: 39.38 | AC22: 8886 | AD22: 4630 | AE22: 8384 | AF22: 94.35 | AG22: 7276 | AH22: 81.88 | AI22: 6972 | AJ22: 6681 | AK22: 4712 | AL22: 4553 | AM22: 3533 | AN22: 76.31 | AO22: 3449 | AP22: 74.49
A23: 17 | B23: KABUPATEN REMBANG | C23: 6973 | D23: 571 | E23: 115 | F23: 4 | G23: 690 | H23: 9.9 | I23: 493 | J23: 86.34 | K23: 37 | L23: 31.09 | M23: 10872 | N23: 5364 | O23: 328 | P23: 5692 | Q23: 52.35 | R23: 10812 | S23: 2095 | T23: 99 | U23: 2194 | V23: 20.29 | W23: 7321 | X23: 1477 | Y23: 20.17 | Z23: 1033 | AA23: 303 | AB23: 29.33 | AC23: 7321 | AD23: 3763 | AE23: 7091 | AF23: 96.86 | AG23: 6417 | AH23: 87.65 | AI23: 5998 | AJ23: 5672 | AK23: 3828 | AL23: 3619 | AM23: 2404 | AN23: 63.89 | AO23: 2240 | AP23: 59.53
A24: 18 | B24: KABUPATEN PATI | C24: 7528 | D24: 862 | E24: 269 | F24: 5 | G24: 1136 | H24: 15.09 | I24: 618 | J24: 71.69 | K24: 58 | L24: 21.17 | M24: 16600 | N24: 4528 | O24: 679 | P24: 5207 | Q24: 31.37 | R24: 16556 | S24: 1529 | T24: 502 | U24: 2031 | V24: 12.27 | W24: 11320 | X24: 1796 | Y24: 15.87 | Z24: 1044 | AA24: 126 | AB24: 12.07 | AC24: 11324 | AD24: 5199 | AE24: 9979 | AF24: 88.12 | AG24: 7032 | AH24: 62.1 | AI24: 3962 | AJ24: 3501 | AK24: 3463 | AL24: 3050 | AM24: 879 | AN24: 16.91 | AO24: 636 | AP24: 12.23
A25: 19 | B25: KABUPATEN KUDUS | C25: 4866 | D25: 228 | E25: 76 | F25: 2 | G25: 306 | H25: 6.29 | I25: 142 | J25: 62.28 | K25: 8 | L25: 10.26 | M25: 14340 | N25: 2183 | O25: 306 | P25: 2489 | Q25: 17.36 | R25: 14264 | S25: 138 | T25: 226 | U25: 364 | V25: 2.55 | W25: 8199 | X25: 1736 | Y25: 21.17 | Z25: 582 | AA25: 83 | AB25: 14.26 | AC25: 8366 | AD25: 1815 | AE25: 5621 | AF25: 67.19 | AG25: 4386 | AH25: 52.43 | AI25: 3277 | AJ25: 2868 | AK25: 1866 | AL25: 1674 | AM25: 343 | AN25: 18.9 | AO25: 266 | AP25: 14.66
A26: 20 | B26: KABUPATEN JEPARA | C26: 5505 | D26: 405 | E26: 101 | F26: 2 | G26: 508 | H26: 9.23 | I26: 272 | J26: 67.16 | K26: 11 | L26: 10.68 | M26: 20303 | N26: 4946 | O26: 70 | P26: 5016 | Q26: 24.71 | R26: 20225 | S26: 1692 | T26: 87 | U26: 1779 | V26: 8.8 | W26: 10119 | X26: 2151 | Y26: 21.26 | Z26: 769 | AA26: 267 | AB26: 34.72 | AC26: 10118 | AD26: 3950 | AE26: 6308 | AF26: 62.34 | AG26: 4725 | AH26: 46.7 | AI26: 3037 | AJ26: 2690 | AK26: 2350 | AL26: 2175 | AM26: 1263 | AN26: 31.97 | AO26: 1131 | AP26: 28.63
A27: 21 | B27: KABUPATEN DEMAK | C27: 9362 | D27: 384 | E27: 99 | F27: 1 | G27: 484 | H27: 5.17 | I27: 231 | J27: 60.16 | K27: 10 | L27: 10 | M27: 21162 | N27: 6956 | O27: 442 | P27: 7398 | Q27: 34.96 | R27: 21100 | S27: 2459 | T27: 269 | U27: 2728 | V27: 12.93 | W27: 12621 | X27: 2167 | Y27: 17.17 | Z27: 1008 | AA27: 288 | AB27: 28.57 | AC27: 12652 | AD27: 4777 | AE27: 10035 | AF27: 79.32 | AG27: 7513 | AH27: 59.38 | AI27: 5439 | AJ27: 5049 | AK27: 3525 | AL27: 3310 | AM27: 1469 | AN27: 30.75 | AO27: 1380 | AP27: 28.89
A28: 22 | B28: KABUPATEN SEMARANG | C28: 7594 | D28: 505 | E28: 133 | F28: 0 | G28: 638 | H28: 8.4 | I28: 401 | J28: 79.41 | K28: 30 | L28: 22.56 | M28: 17659 | N28: 2111 | O28: 3160 | P28: 5271 | Q28: 29.85 | R28: 17565 | S28: 718 | T28: 2278 | U28: 2996 | V28: 17.06 | W28: 8431 | X28: 1718 | Y28: 20.38 | Z28: 486 | AA28: 132 | AB28: 27.16 | AC28: 8433 | AD28: 4323 | AE28: 8038 | AF28: 95.32 | AG28: 7187 | AH28: 85.22 | AI28: 6055 | AJ28: 5763 | AK28: 4220 | AL28: 4088 | AM28: 2368 | AN28: 54.78 | AO28: 2254 | AP28: 52.14
A29: 23 | B29: KABUPATEN TEMANGGUNG | C29: 3155 | D29: 301 | E29: 97 | F29: 0 | G29: 398 | H29: 12.61 | I29: 171 | J29: 56.81 | K29: 12 | L29: 12.37 | M29: 12721 | N29: 1053 | O29: 294 | P29: 1347 | Q29: 10.59 | R29: 12658 | S29: 306 | T29: 395 | U29: 701 | V29: 5.54 | W29: 4967 | X29: 1087 | Y29: 21.88 | Z29: 363 | AA29: 21 | AB29: 5.79 | AC29: 4970 | AD29: 1725 | AE29: 3709 | AF29: 74.63 | AG29: 2301 | AH29: 46.3 | AI29: 1788 | AJ29: 1687 | AK29: 1140 | AL29: 1047 | AM29: 367 | AN29: 21.28 | AO29: 310 | AP29: 17.97
A30: 24 | B30: KABUPATEN KENDAL | C30: 8158 | D30: 1009 | E30: 225 | F30: 0 | G30: 1234 | H30: 15.13 | I30: 708 | J30: 70.17 | K30: 37 | L30: 16.44 | M30: 17479 | N30: 6413 | O30: 188 | P30: 6601 | Q30: 37.77 | R30: 17320 | S30: 3570 | T30: 191 | U30: 3761 | V30: 21.71 | W30: 10322 | X30: 1919 | Y30: 18.59 | Z30: 565 | AA30: 97 | AB30: 17.17 | AC30: 10272 | AD30: 5436 | AE30: 8618 | AF30: 83.9 | AG30: 7003 | AH30: 68.18 | AI30: 6404 | AJ30: 6038 | AK30: 4327 | AL30: 3988 | AM30: 2546 | AN30: 46.84 | AO30: 2247 | AP30: 41.34
A31: 25 | B31: KABUPATEN BATANG | C31: 7882 | D31: 364 | E31: 142 | F31: 2 | G31: 508 | H31: 6.45 | I31: 340 | J31: 93.41 | K31: 138 | L31: 95.83 | M31: 14535 | N31: 6909 | O31: 103 | P31: 7012 | Q31: 48.24 | R31: 14463 | S31: 5054 | T31: 58 | U31: 5112 | V31: 35.35 | W31: 9059 | X31: 1833 | Y31: 20.23 | Z31: 1228 | AA31: 499 | AB31: 40.64 | AC31: 9065 | AD31: 4787 | AE31: 8224 | AF31: 90.72 | AG31: 6592 | AH31: 72.72 | AI31: 6369 | AJ31: 6101 | AK31: 4144 | AL31: 3978 | AM31: 2788 | AN31: 58.24 | AO31: 2472 | AP31: 51.64
A32: 26 | B32: KABUPATEN PEKALONGAN | C32: 8458 | D32: 396 | E32: 191 | F32: 7 | G32: 594 | H32: 7.02 | I32: 269 | J32: 67.93 | K32: 27 | L32: 13.64 | M32: 15689 | N32: 6935 | O32: 185 | P32: 7120 | Q32: 45.38 | R32: 15589 | S32: 2601 | T32: 49 | U32: 2650 | V32: 17 | W32: 10686 | X32: 2130 | Y32: 19.93 | Z32: 543 | AA32: 135 | AB32: 24.86 | AC32: 10688 | AD32: 5445 | AE32: 9172 | AF32: 85.82 | AG32: 7394 | AH32: 69.18 | AI32: 6597 | AJ32: 6337 | AK32: 4251 | AL32: 4103 | AM32: 2404 | AN32: 44.15 | AO32: 2097 | AP32: 38.51
A33: 27 | B33: KABUPATEN PEMALANG | C33: 7009 | D33: 434 | E33: 120 | F33: 2 | G33: 556 | H33: 7.93 | I33: 258 | J33: 59.45 | K33: 16 | L33: 13.11 | M33: 28884 | N33: 5768 | O33: 233 | P33: 6001 | Q33: 20.78 | R33: 28700 | S33: 1143 | T33: 157 | U33: 1300 | V33: 4.53 | W33: 9063 | X33: 1948 | Y33: 21.49 | Z33: 1975 | AA33: 384 | AB33: 19.44 | AC33: 9092 | AD33: 3867 | AE33: 7861 | AF33: 86.46 | AG33: 6398 | AH33: 70.37 | AI33: 5074 | AJ33: 4735 | AK33: 3168 | AL33: 2975 | AM33: 1627 | AN33: 42.07 | AO33: 1338 | AP33: 34.6
A34: 28 | B34: KABUPATEN TEGAL | C34: 10197 | D34: 1102 | E34: 419 | F34: 10 | G34: 1531 | H34: 15.01 | I34: 562 | J34: 51 | K34: 71 | L34: 16.55 | M34: 29936 | N34: 6688 | O34: 831 | P34: 7519 | Q34: 25.12 | R34: 29783 | S34: 1271 | T34: 510 | U34: 1781 | V34: 5.98 | W34: 12863 | X34: 2521 | Y34: 19.6 | Z34: 2282 | AA34: 340 | AB34: 14.9 | AC34: 12867 | AD34: 6223 | AE34: 11682 | AF34: 90.79 | AG34: 8695 | AH34: 67.58 | AI34: 6309 | AJ34: 5475 | AK34: 4777 | AL34: 4414 | AM34: 1903 | AN34: 30.58 | AO34: 1484 | AP34: 23.85
A35: 29 | B35: KABUPATEN BREBES | C35: 7763 | D35: 774 | E35: 205 | F35: 4 | G35: 983 | H35: 12.66 | I35: 387 | J35: 50 | K35: 8 | L35: 3.83 | M35: 35770 | N35: 4431 | O35: 610 | P35: 5041 | Q35: 14.09 | R35: 35570 | S35: 1515 | T35: 336 | U35: 1851 | V35: 5.2 | W35: 11782 | X35: 2502 | Y35: 21.24 | Z35: 2311 | AA35: 626 | AB35: 27.09 | AC35: 11747 | AD35: 4490 | AE35: 9125 | AF35: 77.68 | AG35: 6088 | AH35: 51.83 | AI35: 3483 | AJ35: 2959 | AK35: 2677 | AL35: 2480 | AM35: 1202 | AN35: 26.77 | AO35: 1045 | AP35: 23.27
A36: 30 | B36: KOTA MAGELANG | C36: 858 | D36: 67 | E36: 26 | F36: 0 | G36: 93 | H36: 10.84 | I36: 57 | J36: 85.07 | K36: 24 | L36: 92.31 | M36: 1519 | N36: 836 | O36: 2 | P36: 838 | Q36: 55.17 | R36: 1513 | S36: 543 | T36: 0 | U36: 543 | V36: 35.89 | W36: 913 | X36: 162 | Y36: 17.74 | Z36: 100 | AA36: 19 | AB36: 19 | AC36: 912 | AD36: 525 | AE36: 857 | AF36: 93.97 | AG36: 796 | AH36: 87.28 | AI36: 844 | AJ36: 821 | AK36: 575 | AL36: 568 | AM36: 512 | AN36: 97.52 | AO36: 512 | AP36: 97.52
A37: 31 | B37: KOTA SURAKARTA | C37: 497 | D37: 72 | E37: 35 | F37: 1 | G37: 108 | H37: 21.73 | I37: 43 | J37: 59.72 | K37: 1 | L37: 2.78 | M37: 7700 | N37: 359 | O37: 25 | P37: 384 | Q37: 4.99 | R37: 7655 | S37: 66 | T37: 17 | U37: 83 | V37: 1.08 | W37: 980 | X37: 96 | Y37: 9.8 | Z37: 318 | AA37: 291 | AB37: 91.51 | AC37: 980 | AD37: 206 | AE37: 818 | AF37: 83.47 | AG37: 424 | AH37: 43.27 | AI37: 274 | AJ37: 257 | AK37: 286 | AL37: 271 | AM37: 27 | AN37: 13.11 | AO37: 24 | AP37: 11.65
A38: 32 | B38: KOTA SALATIGA | C38: 832 | D38: 58 | E38: 12 | F38: 0 | G38: 70 | H38: 8.41 | I38: 32 | J38: 55.17 | K38: 1 | L38: 8.33 | M38: 3412 | N38: 265 | O38: 83 | P38: 348 | Q38: 10.2 | R38: 3375 | S38: 207 | T38: 73 | U38: 280 | V38: 8.3 | W38: 1184 | X38: 244 | Y38: 20.61 | Z38: 0 | AA38: 0 | AB38: 0 | AC38: 1185 | AD38: 358 | AE38: 926 | AF38: 78.14 | AG38: 704 | AH38: 59.41 | AI38: 552 | AJ38: 381 | AK38: 247 | AL38: 193 | AM38: 93 | AN38: 25.98 | AO38: 78 | AP38: 21.79
A39: 33 | B39: KOTA SEMARANG | C39: 6366 | D39: 140 | E39: 48 | F39: 0 | G39: 188 | H39: 2.95 | I39: 105 | J39: 75 | K39: 6 | L39: 12.5 | M39: 25179 | N39: 2870 | O39: 835 | P39: 3705 | Q39: 14.71 | R39: 25033 | S39: 777 | T39: 731 | U39: 1508 | V39: 6.02 | W39: 9096 | X39: 1199 | Y39: 13.18 | Z39: 933 | AA39: 72 | AB39: 7.72 | AC39: 9110 | AD39: 1870 | AE39: 7411 | AF39: 81.35 | AG39: 4498 | AH39: 49.37 | AI39: 2460 | AJ39: 2199 | AK39: 963 | AL39: 906 | AM39: 268 | AN39: 14.33 | AO39: 232 | AP39: 12.41
A40: 34 | B40: KOTA PEKALONGAN | C40: 3351 | D40: 421 | E40: 138 | F40: 5 | G40: 564 | H40: 16.83 | I40: 397 | J40: 94.3 | K40: 126 | L40: 88.11 | M40: 5921 | N40: 2960 | O40: 38 | P40: 2998 | Q40: 50.63 | R40: 5882 | S40: 2314 | T40: 43 | U40: 2357 | V40: 40.07 | W40: 3724 | X40: 714 | Y40: 19.17 | Z40: 650 | AA40: 288 | AB40: 44.31 | AC40: 3726 | AD40: 1609 | AE40: 3401 | AF40: 91.28 | AG40: 3054 | AH40: 81.96 | AI40: 2794 | AJ40: 2690 | AK40: 1678 | AL40: 1602 | AM40: 1142 | AN40: 70.98 | AO40: 998 | AP40: 62.03
A41: 35 | B41: KOTA TEGAL | C41: 1601 | D41: 207 | E41: 145 | F41: 0 | G41: 352 | H41: 21.99 | I41: 62 | J41: 29.95 | K41: 10 | L41: 6.9 | M41: 4975 | N41: 747 | O41: 70 | P41: 817 | Q41: 16.42 | R41: 4953 | S41: 138 | T41: 38 | U41: 176 | V41: 3.55 | W41: 2200 | X41: 480 | Y41: 21.82 | Z41: 358 | AA41: 33 | AB41: 9.22 | AC41: 2202 | AD41: 1003 | AE41: 2040 | AF41: 92.64 | AG41: 1327 | AH41: 60.26 | AI41: 609 | AJ41: 357 | AK41: 407 | AL41: 355 | AM41: 101 | AN41: 10.07 | AO41: 52 | AP41: 5.18
A42: JUMLAH | C42: 201741 | D42: 17092 | E42: 5293 | F42: 127 | G42: 22512 | H42: 11.16 | I42: 10774 | J42: 63.04 | K42: 1146 | L42: 21.14 | M42: 596125 | N42: 131491 | O42: 15605 | P42: 147096 | Q42: 24.68 | R42: 592796 | S42: 51270 | T42: 13329 | U42: 64599 | V42: 10.9 | W42: 276616 | X42: 55144 | Y42: 19.94 | Z42: 29309 | AA42: 7750 | AB42: 26.44 | AC42: 276710 | AD42: 123933 | AE42: 228672 | AF42: 82.64 | AG42: 173990 | AH42: 62.88 | AI42: 135769 | AJ42: 124885 | AK42: 96844 | AL42: 90841 | AM42: 49129 | AN42: 39.64 | AO42: 42978 | AP42: 34.68

Sheet remaja
A1: Data Tarik : 2026-10-01 04:45:42
A2: Penarikan Data (Update) dilakukan secara rutin 8 jam sekali
A3: No | B3: Kabupaten/Kota | C3: Jumlah sasaran remaja putri | D3: Persentase remaja putri mendapatkan dan mengonsumsi TTD | L3: Persentase remaja putri skrining anemia | U3: Persentase remaja putri teridentifikasi anemia | AG3: Tatalaksana rematri anemia
D4: Jumlah remaja putri di satuan pendidikan (SMP/MTs/Pesantren/sederajat dan SMA/SMK/MAK/Pesantren/sederajat) mendapat TTD sesuai standar | E4: % | F4: Jumlah remaja putri di satuan pendidikan (SMP/MTs/Pesantren/sederajat dan SMA/SMK/MAK/Pesantren/sederajat) mengonsumsi TTD sesuai standar | G4: % | H4: Jumlah remaja putri di satuan pendidikan (SMP/MTs/Pesantren/sederajat dan SMA/SMK/MAK/Pesantren/sederajat) mendapat TTD sampai TW ini | J4: Jumlah remaja putri di satuan pendidikan (SMP/MTs/Pesantren/sederajat dan SMA/SMK/MAK/Pesantren/sederajat) mengonsumsi TTD sampai TW ini | L4: Jumlah remaja putri kelas 7 di satuan pendidikan (SMP/MTs/Pesantren sederajat) sampai TW ini | M4: Jumlah remaja putri kelas 7 di satuan pendidikan (SMP/MTs/Pesantren sederajat) yang skrining anemia sampai TW ini | N4: % | O4: Jumlah remaja putri kelas 10 di satuan pendidikan (SMA/SMK/MA/MAK/Pesantren sederajat) sampai TW ini | P4: Jumlah remaja putri kelas 10 di satuan pendidikan (SMA/SMK/MA/MAK/Pesantren sederajat) yang skrining anemia sampai TW ini | Q4: % | R4: Jumlah remaja putri kelas 7 dan 10 di satuan pendidikan (SMP/MTs/Pesantren/sederajat dan SMA/SMK/MAK/Pesantren/sederajat) sampai TW ini | S4: Jumlah remaja putri kelas 7 dan 10 di satuan pendidikan (SMP/MTs/Pesantren/sederajat dan SMA/SMK/MAK/Pesantren/sederajat) yang skrining anemia sampai TW ini | T4: % | U4: Jumlah remaja putri kelas 7 di satuan pendidikan (SMP/MTs/Pesantren sederajat) yang teridentifikasi anemia sampai TW ini | Y4: % | Z4: Jumlah remaja putri kelas 10 di satuan pendidikan (SMA/SMK/MA/MAK/Pesantren sederajat) yang teridentifikasi anemia sampai TW ini | AD4: % | AE4: Jumlah remaja putri kelas 7 dan 10 di satuan pendidikan yang teridentifikasi anemia sampai TW ini | AF4: % | AG4: Jumlah Rematri kelas 7 dan 10 di satuan pendidikan (SMP/MTs/Pesantren/sederajat dan SMA/SMK/MAK/Pesantren/sederajat) mendapatkan tatalaksana anemia sampai TW ini | AH4: %
H5: < 26 tablet | I5: >= 26 tablet | J5: < 26 tablet | K5: >= 26 tablet | U5: Anemia ringan (11 - 11.9 g/dl) | V5: Anemia sedang (8 - 10.9 g/dl) | W5: Anemia berat (< 8 g/dl) | X5: Total | Z5: Anemia ringan (11 - 11.9 g/dl) | AA5: Anemia sedang (8 - 10.9 g/dl) | AB5: Anemia berat (< 8 g/dl) | AC5: Total
A6: [1] | B6: [2] | C6: [3] | D6: [4] | E6: [5] | F6: [6] | G6: [7] | H6: [8] | I6: [9] | J6: [10] | K6: [11] | L6: [12] | M6: [13] | N6: [14] | O6: [15] | P6: [16] | Q6: [17] | R6: [18] | S6: [19] | T6: [20] | U6: [21] | V6: [22] | W6: [23] | X6: [24] | Y6: [25] | Z6: [26] | AA6: [27] | AB6: [28] | AC6: [29] | AD6: [30] | AE6: [31] | AF6: [32] | AG6: [33] | AH6: [34]
A7: 1 | B7: KABUPATEN CILACAP | C7: 78835 | D7: 78835 | E7: 100 | F7: 77877 | G7: 98.78 | H7: 2957 | I7: 78835 | J7: 2957 | K7: 77877 | L7: 15901 | M7: 15058 | N7: 94.7 | O7: 14095 | P7: 13400 | Q7: 95.07 | R7: 29996 | S7: 28458 | T7: 94.87 | U7: 1671 | V7: 455 | W7: 45 | X7: 2171 | Y7: 14.42 | Z7: 1715 | AA7: 728 | AB7: 44 | AC7: 2487 | AD7: 18.56 | AE7: 4658 | AF7: 16.37 | AG7: 4421 | AH7: 94.91
A8: 2 | B8: KABUPATEN BANYUMAS | C8: 80194 | D8: 80194 | E8: 100 | F8: 80194 | G8: 100 | H8: 0 | I8: 80194 | J8: 0 | K8: 80194 | L8: 13428 | M8: 13428 | N8: 100 | O8: 13425 | P8: 13425 | Q8: 100 | R8: 26853 | S8: 26853 | T8: 100 | U8: 2118 | V8: 1146 | W8: 21 | X8: 3285 | Y8: 24.46 | Z8: 1843 | AA8: 1465 | AB8: 38 | AC8: 3346 | AD8: 24.92 | AE8: 6631 | AF8: 24.69 | AG8: 6520 | AH8: 98.33
A9: 3 | B9: KABUPATEN PURBALINGGA | C9: 42796 | D9: 42770 | E9: 99.94 | F9: 42770 | G9: 99.94 | H9: 0 | I9: 42770 | J9: 0 | K9: 42770 | L9: 7214 | M9: 7130 | N9: 98.84 | O9: 7263 | P9: 7222 | Q9: 99.44 | R9: 14477 | S9: 14352 | T9: 99.14 | U9: 951 | V9: 637 | W9: 19 | X9: 1607 | Y9: 22.54 | Z9: 1206 | AA9: 835 | AB9: 36 | AC9: 2077 | AD9: 28.76 | AE9: 3684 | AF9: 25.67 | AG9: 3671 | AH9: 99.65
A10: 4 | B10: KABUPATEN BANJARNEGARA | C10: 40659 | D10: 39638 | E10: 97.49 | F10: 39209 | G10: 96.43 | H10: 10390 | I10: 39638 | J10: 6951 | K10: 39209 | L10: 7711 | M10: 7304 | N10: 94.72 | O10: 6436 | P10: 5857 | Q10: 91 | R10: 14147 | S10: 13161 | T10: 93.03 | U10: 1352 | V10: 919 | W10: 55 | X10: 2326 | Y10: 31.85 | Z10: 1002 | AA10: 1018 | AB10: 26 | AC10: 2046 | AD10: 34.93 | AE10: 4372 | AF10: 33.22 | AG10: 4343 | AH10: 99.34
A11: 5 | B11: KABUPATEN KEBUMEN | C11: 56807 | D11: 52530 | E11: 92.47 | F11: 52447 | G11: 92.32 | H11: 3719 | I11: 52530 | J11: 3526 | K11: 52447 | L11: 11273 | M11: 10054 | N11: 89.19 | O11: 10139 | P11: 9297 | Q11: 91.7 | R11: 21412 | S11: 19351 | T11: 90.37 | U11: 1058 | V11: 578 | W11: 29 | X11: 1665 | Y11: 16.56 | Z11: 866 | AA11: 541 | AB11: 35 | AC11: 1442 | AD11: 15.51 | AE11: 3107 | AF11: 16.06 | AG11: 3033 | AH11: 97.62
A12: 6 | B12: KABUPATEN PURWOREJO | C12: 33602 | D12: 29337 | E12: 87.31 | F12: 29322 | G12: 87.26 | H12: 4311 | I12: 29337 | J12: 4304 | K12: 29322 | L12: 4737 | M12: 4662 | N12: 98.42 | O12: 6341 | P12: 6270 | Q12: 98.88 | R12: 11078 | S12: 10932 | T12: 98.68 | U12: 386 | V12: 222 | W12: 29 | X12: 637 | Y12: 13.66 | Z12: 571 | AA12: 347 | AB12: 31 | AC12: 949 | AD12: 15.14 | AE12: 1586 | AF12: 14.51 | AG12: 1585 | AH12: 99.94
A13: 7 | B13: KABUPATEN WONOSOBO | C13: 36469 | D13: 36394 | E13: 99.79 | F13: 36372 | G13: 99.73 | H13: 796 | I13: 36394 | J13: 796 | K13: 36372 | L13: 8364 | M13: 8321 | N13: 99.49 | O13: 7504 | P13: 7094 | Q13: 94.54 | R13: 15868 | S13: 15415 | T13: 97.15 | U13: 514 | V13: 284 | W13: 9 | X13: 807 | Y13: 9.7 | Z13: 663 | AA13: 282 | AB13: 30 | AC13: 975 | AD13: 13.74 | AE13: 1782 | AF13: 11.56 | AG13: 1742 | AH13: 97.76
A14: 8 | B14: KABUPATEN MAGELANG | C14: 50183 | D14: 43832 | E14: 87.34 | F14: 43774 | G14: 87.23 | H14: 17406 | I14: 43832 | J14: 17406 | K14: 43774 | L14: 9107 | M14: 8222 | N14: 90.28 | O14: 7879 | P14: 6484 | Q14: 82.29 | R14: 16986 | S14: 14706 | T14: 86.58 | U14: 1926 | V14: 1259 | W14: 33 | X14: 3218 | Y14: 39.14 | Z14: 1536 | AA14: 1055 | AB14: 21 | AC14: 2612 | AD14: 40.28 | AE14: 5830 | AF14: 39.64 | AG14: 5432 | AH14: 93.17
A15: 9 | B15: KABUPATEN BOYOLALI | C15: 45227 | D15: 45147 | E15: 99.82 | F15: 44948 | G15: 99.38 | H15: 1515 | I15: 45147 | J15: 1515 | K15: 44948 | L15: 7887 | M15: 7886 | N15: 99.99 | O15: 7893 | P15: 8015 | Q15: 101.55 | R15: 15780 | S15: 15901 | T15: 100.77 | U15: 786 | V15: 494 | W15: 14 | X15: 1294 | Y15: 16.41 | Z15: 615 | AA15: 301 | AB15: 17 | AC15: 933 | AD15: 11.64 | AE15: 2227 | AF15: 14.01 | AG15: 2217 | AH15: 99.55
A16: 10 | B16: KABUPATEN KLATEN | C16: 46894 | D16: 43682 | E16: 93.15 | F16: 43248 | G16: 92.23 | H16: 2556 | I16: 43682 | J16: 2494 | K16: 43248 | L16: 10320 | M16: 10184 | N16: 98.68 | O16: 10200 | P16: 10104 | Q16: 99.06 | R16: 20520 | S16: 20288 | T16: 98.87 | U16: 1390 | V16: 911 | W16: 79 | X16: 2380 | Y16: 23.37 | Z16: 1264 | AA16: 592 | AB16: 38 | AC16: 1894 | AD16: 18.75 | AE16: 4274 | AF16: 21.07 | AG16: 3855 | AH16: 90.2
A17: 11 | B17: KABUPATEN SUKOHARJO | C17: 37629 | D17: 37629 | E17: 100 | F17: 37428 | G17: 99.47 | H17: 0 | I17: 37629 | J17: 0 | K17: 37428 | L17: 6489 | M17: 6280 | N17: 96.78 | O17: 6014 | P17: 5663 | Q17: 94.16 | R17: 12503 | S17: 11943 | T17: 95.52 | U17: 1342 | V17: 449 | W17: 39 | X17: 1830 | Y17: 29.14 | Z17: 1148 | AA17: 514 | AB17: 16 | AC17: 1678 | AD17: 29.63 | AE17: 3508 | AF17: 29.37 | AG17: 3445 | AH17: 98.2
A18: 12 | B18: KABUPATEN WONOGIRI | C18: 36266 | D18: 36266 | E18: 100 | F18: 36250 | G18: 99.96 | H18: 0 | I18: 36266 | J18: 0 | K18: 36250 | L18: 6708 | M18: 6043 | N18: 90.09 | O18: 6398 | P18: 6346 | Q18: 99.19 | R18: 13106 | S18: 12389 | T18: 94.53 | U18: 317 | V18: 288 | W18: 32 | X18: 637 | Y18: 10.54 | Z18: 311 | AA18: 235 | AB18: 58 | AC18: 604 | AD18: 9.52 | AE18: 1241 | AF18: 10.02 | AG18: 1241 | AH18: 100
A19: 13 | B19: KABUPATEN KARANGANYAR | C19: 34403 | D19: 32059 | E19: 93.19 | F19: 33685 | G19: 97.91 | H19: 676 | I19: 32059 | J19: 2376 | K19: 33685 | L19: 6564 | M19: 6427 | N19: 97.91 | O19: 5544 | P19: 5306 | Q19: 95.71 | R19: 12108 | S19: 11733 | T19: 96.9 | U19: 578 | V19: 293 | W19: 9 | X19: 880 | Y19: 13.69 | Z19: 432 | AA19: 268 | AB19: 6 | AC19: 706 | AD19: 13.31 | AE19: 1586 | AF19: 13.52 | AG19: 1561 | AH19: 98.42
A20: 14 | B20: KABUPATEN SRAGEN | C20: 47121 | D20: 40462 | E20: 85.87 | F20: 40106 | G20: 85.11 | H20: 6485 | I20: 40462 | J20: 6731 | K20: 40106 | L20: 12580 | M20: 11472 | N20: 91.19 | O20: 11597 | P20: 9884 | Q20: 85.23 | R20: 24177 | S20: 21356 | T20: 88.33 | U20: 530 | V20: 273 | W20: 13 | X20: 816 | Y20: 7.11 | Z20: 589 | AA20: 312 | AB20: 31 | AC20: 932 | AD20: 9.43 | AE20: 1748 | AF20: 8.19 | AG20: 1516 | AH20: 86.73
A21: 15 | B21: KABUPATEN GROBOGAN | C21: 63226 | D21: 43132 | E21: 68.22 | F21: 41661 | G21: 65.89 | H21: 15930 | I21: 43132 | J21: 14451 | K21: 41661 | L21: 15301 | M21: 14505 | N21: 94.8 | O21: 13676 | P21: 13075 | Q21: 95.61 | R21: 28977 | S21: 27580 | T21: 95.18 | U21: 1247 | V21: 414 | W21: 134 | X21: 1795 | Y21: 12.38 | Z21: 543 | AA21: 243 | AB21: 41 | AC21: 827 | AD21: 6.33 | AE21: 2622 | AF21: 9.51 | AG21: 2553 | AH21: 97.37
A22: 16 | B22: KABUPATEN BLORA | C22: 34592 | D22: 34592 | E22: 100 | F22: 34592 | G22: 100 | H22: 0 | I22: 34592 | J22: 0 | K22: 34592 | L22: 5955 | M22: 5946 | N22: 99.85 | O22: 6470 | P22: 6470 | Q22: 100 | R22: 12425 | S22: 12416 | T22: 99.93 | U22: 651 | V22: 304 | W22: 6 | X22: 961 | Y22: 16.16 | Z22: 523 | AA22: 184 | AB22: 5 | AC22: 712 | AD22: 11 | AE22: 1673 | AF22: 13.47 | AG22: 1639 | AH22: 97.97
A23: 17 | B23: KABUPATEN REMBANG | C23: 29071 | D23: 29071 | E23: 100 | F23: 29071 | G23: 100 | H23: 0 | I23: 29071 | J23: 0 | K23: 29071 | L23: 5071 | M23: 5071 | N23: 100 | O23: 4989 | P23: 4989 | Q23: 100 | R23: 10060 | S23: 10060 | T23: 100 | U23: 287 | V23: 220 | W23: 18 | X23: 525 | Y23: 10.35 | Z23: 246 | AA23: 322 | AB23: 13 | AC23: 581 | AD23: 11.65 | AE23: 1106 | AF23: 10.99 | AG23: 1106 | AH23: 100
A24: 18 | B24: KABUPATEN PATI | C24: 61667 | D24: 46825 | E24: 75.93 | F24: 46788 | G24: 75.87 | H24: 4332 | I24: 46825 | J24: 4332 | K24: 46788 | L24: 11108 | M24: 8960 | N24: 80.66 | O24: 10929 | P24: 8052 | Q24: 73.68 | R24: 22037 | S24: 17012 | T24: 77.2 | U24: 500 | V24: 214 | W24: 23 | X24: 737 | Y24: 8.23 | Z24: 352 | AA24: 165 | AB24: 26 | AC24: 543 | AD24: 6.74 | AE24: 1280 | AF24: 7.52 | AG24: 1161 | AH24: 90.7
A25: 19 | B25: KABUPATEN KUDUS | C25: 47621 | D25: 43102 | E25: 90.51 | F25: 43371 | G25: 91.08 | H25: 667 | I25: 43102 | J25: 916 | K25: 43371 | L25: 9181 | M25: 8955 | N25: 97.54 | O25: 9373 | P25: 9021 | Q25: 96.24 | R25: 18554 | S25: 17976 | T25: 96.88 | U25: 664 | V25: 508 | W25: 24 | X25: 1196 | Y25: 13.36 | Z25: 617 | AA25: 454 | AB25: 26 | AC25: 1097 | AD25: 12.16 | AE25: 2293 | AF25: 12.76 | AG25: 2247 | AH25: 97.99
A26: 20 | B26: KABUPATEN JEPARA | C26: 55288 | D26: 52331 | E26: 94.65 | F26: 50064 | G26: 90.55 | H26: 267 | I26: 52331 | J26: 1246 | K26: 50064 | L26: 10037 | M26: 9184 | N26: 91.5 | O26: 9237 | P26: 8293 | Q26: 89.78 | R26: 19274 | S26: 17477 | T26: 90.68 | U26: 1065 | V26: 372 | W26: 31 | X26: 1468 | Y26: 15.98 | Z26: 1035 | AA26: 409 | AB26: 35 | AC26: 1479 | AD26: 17.83 | AE26: 2947 | AF26: 16.86 | AG26: 2750 | AH26: 93.32
A27: 21 | B27: KABUPATEN DEMAK | C27: 51257 | D27: 51237 | E27: 99.96 | F27: 51237 | G27: 99.96 | H27: 0 | I27: 51237 | J27: 0 | K27: 51237 | L27: 11474 | M27: 11292 | N27: 98.41 | O27: 10594 | P27: 10572 | Q27: 99.79 | R27: 22068 | S27: 21864 | T27: 99.08 | U27: 874 | V27: 201 | W27: 49 | X27: 1124 | Y27: 9.95 | Z27: 711 | AA27: 110 | AB27: 54 | AC27: 875 | AD27: 8.28 | AE27: 1999 | AF27: 9.14 | AG27: 1916 | AH27: 95.85
A28: 22 | B28: KABUPATEN SEMARANG | C28: 40812 | D28: 38022 | E28: 93.16 | F28: 37867 | G28: 92.78 | H28: 6163 | I28: 38022 | J28: 6164 | K28: 37867 | L28: 7247 | M28: 6776 | N28: 93.5 | O28: 6278 | P28: 5698 | Q28: 90.76 | R28: 13525 | S28: 12474 | T28: 92.23 | U28: 897 | V28: 656 | W28: 38 | X28: 1591 | Y28: 23.48 | Z28: 791 | AA28: 497 | AB28: 20 | AC28: 1308 | AD28: 22.96 | AE28: 2899 | AF28: 23.24 | AG28: 2755 | AH28: 95.03
A29: 23 | B29: KABUPATEN TEMANGGUNG | C29: 32138 | D29: 32114 | E29: 99.93 | F29: 32109 | G29: 99.91 | H29: 0 | I29: 32114 | J29: 0 | K29: 32109 | L29: 6062 | M29: 5798 | N29: 95.65 | O29: 5666 | P29: 5435 | Q29: 95.92 | R29: 11728 | S29: 11233 | T29: 95.78 | U29: 518 | V29: 165 | W29: 2 | X29: 685 | Y29: 11.81 | Z29: 494 | AA29: 106 | AB29: 7 | AC29: 607 | AD29: 11.17 | AE29: 1292 | AF29: 11.5 | AG29: 1292 | AH29: 100
A30: 24 | B30: KABUPATEN KENDAL | C30: 47482 | D30: 44996 | E30: 94.76 | F30: 44576 | G30: 93.88 | H30: 11539 | I30: 44996 | J30: 11539 | K30: 44576 | L30: 12420 | M30: 11536 | N30: 92.88 | O30: 10077 | P30: 9576 | Q30: 95.03 | R30: 22497 | S30: 21112 | T30: 93.84 | U30: 1458 | V30: 1006 | W30: 43 | X30: 2507 | Y30: 21.73 | Z30: 1220 | AA30: 705 | AB30: 64 | AC30: 1989 | AD30: 20.77 | AE30: 4496 | AF30: 21.3 | AG30: 3980 | AH30: 88.52
A31: 25 | B31: KABUPATEN BATANG | C31: 30763 | D31: 29301 | E31: 95.25 | F31: 29274 | G31: 95.16 | H31: 5 | I31: 29301 | J31: 32 | K31: 29274 | L31: 6155 | M31: 6033 | N31: 98.02 | O31: 4549 | P31: 4543 | Q31: 99.87 | R31: 10704 | S31: 10576 | T31: 98.8 | U31: 273 | V31: 131 | W31: 22 | X31: 426 | Y31: 7.06 | Z31: 131 | AA31: 44 | AB31: 9 | AC31: 184 | AD31: 4.05 | AE31: 610 | AF31: 5.77 | AG31: 600 | AH31: 98.36
A32: 26 | B32: KABUPATEN PEKALONGAN | C32: 38910 | D32: 35883 | E32: 92.22 | F32: 35803 | G32: 92.01 | H32: 5095 | I32: 35883 | J32: 5018 | K32: 35803 | L32: 7367 | M32: 7313 | N32: 99.27 | O32: 6724 | P32: 6667 | Q32: 99.15 | R32: 14091 | S32: 13980 | T32: 99.21 | U32: 864 | V32: 462 | W32: 52 | X32: 1378 | Y32: 18.84 | Z32: 708 | AA32: 422 | AB32: 20 | AC32: 1150 | AD32: 17.25 | AE32: 2528 | AF32: 18.08 | AG32: 2506 | AH32: 99.13
A33: 27 | B33: KABUPATEN PEMALANG | C33: 58131 | D33: 58042 | E33: 99.85 | F33: 57975 | G33: 99.73 | H33: 9495 | I33: 58042 | J33: 9495 | K33: 57975 | L33: 13008 | M33: 12481 | N33: 95.95 | O33: 12128 | P33: 11211 | Q33: 92.44 | R33: 25136 | S33: 23692 | T33: 94.26 | U33: 700 | V33: 323 | W33: 43 | X33: 1066 | Y33: 8.54 | Z33: 560 | AA33: 287 | AB33: 39 | AC33: 886 | AD33: 7.9 | AE33: 1952 | AF33: 8.24 | AG33: 1591 | AH33: 81.51
A34: 28 | B34: KABUPATEN TEGAL | C34: 61661 | D34: 61616 | E34: 99.93 | F34: 61514 | G34: 99.76 | H34: 421 | I34: 61616 | J34: 678 | K34: 61514 | L34: 12146 | M34: 11889 | N34: 97.88 | O34: 10319 | P34: 10111 | Q34: 97.98 | R34: 22465 | S34: 22000 | T34: 97.93 | U34: 1428 | V34: 806 | W34: 48 | X34: 2282 | Y34: 19.19 | Z34: 972 | AA34: 594 | AB34: 56 | AC34: 1622 | AD34: 16.04 | AE34: 3904 | AF34: 17.75 | AG34: 3895 | AH34: 99.77
A35: 29 | B35: KABUPATEN BREBES | C35: 91835 | D35: 84445 | E35: 91.95 | F35: 79834 | G35: 86.93 | H35: 962 | I35: 84445 | J35: 1825 | K35: 79834 | L35: 26118 | M35: 25477 | N35: 97.55 | O35: 21136 | P35: 20552 | Q35: 97.24 | R35: 47254 | S35: 46029 | T35: 97.41 | U35: 1792 | V35: 477 | W35: 13 | X35: 2282 | Y35: 8.96 | Z35: 935 | AA35: 304 | AB35: 10 | AC35: 1249 | AD35: 6.08 | AE35: 3531 | AF35: 7.67 | AG35: 3043 | AH35: 86.18
A36: 30 | B36: KOTA MAGELANG | C36: 13400 | D36: 13059 | E36: 97.46 | F36: 13059 | G36: 97.46 | H36: 206 | I36: 13059 | J36: 206 | K36: 13059 | L36: 2219 | M36: 2206 | N36: 99.41 | O36: 3422 | P36: 3361 | Q36: 98.22 | R36: 5641 | S36: 5567 | T36: 98.69 | U36: 176 | V36: 73 | W36: 8 | X36: 257 | Y36: 11.65 | Z36: 235 | AA36: 123 | AB36: 10 | AC36: 368 | AD36: 10.95 | AE36: 625 | AF36: 11.23 | AG36: 625 | AH36: 100
A37: 31 | B37: KOTA SURAKARTA | C37: 42897 | D37: 42895 | E37: 100 | F37: 41904 | G37: 97.69 | H37: 0 | I37: 42895 | J37: 0 | K37: 41904 | L37: 7274 | M37: 2003 | N37: 27.54 | O37: 8103 | P37: 4286 | Q37: 52.89 | R37: 15377 | S37: 6289 | T37: 40.9 | U37: 143 | V37: 50 | W37: 4 | X37: 197 | Y37: 9.84 | Z37: 510 | AA37: 140 | AB37: 17 | AC37: 667 | AD37: 15.56 | AE37: 864 | AF37: 13.74 | AG37: 798 | AH37: 92.36
A38: 32 | B38: KOTA SALATIGA | C38: 13678 | D38: 13678 | E38: 100 | F38: 13640 | G38: 99.72 | H38: 0 | I38: 13678 | J38: 0 | K38: 13640 | L38: 2227 | M38: 2186 | N38: 98.16 | O38: 2624 | P38: 2581 | Q38: 98.36 | R38: 4851 | S38: 4767 | T38: 98.27 | U38: 180 | V38: 92 | W38: 3 | X38: 275 | Y38: 12.58 | Z38: 162 | AA38: 127 | AB38: 5 | AC38: 294 | AD38: 11.39 | AE38: 569 | AF38: 11.94 | AG38: 569 | AH38: 100
A39: 33 | B39: KOTA SEMARANG | C39: 73823 | D39: 72961 | E39: 98.83 | F39: 72961 | G39: 98.83 | H39: 196 | I39: 72961 | J39: 196 | K39: 72961 | L39: 14743 | M39: 13669 | N39: 92.72 | O39: 17391 | P39: 16748 | Q39: 96.3 | R39: 32134 | S39: 30417 | T39: 94.66 | U39: 755 | V39: 297 | W39: 7 | X39: 1059 | Y39: 7.75 | Z39: 808 | AA39: 339 | AB39: 4 | AC39: 1151 | AD39: 6.87 | AE39: 2210 | AF39: 7.27 | AG39: 2115 | AH39: 95.7
A40: 34 | B40: KOTA PEKALONGAN | C40: 17008 | D40: 17008 | E40: 100 | F40: 16839 | G40: 99.01 | H40: 539 | I40: 17008 | J40: 539 | K40: 16839 | L40: 2450 | M40: 2428 | N40: 99.1 | O40: 2843 | P40: 2833 | Q40: 99.65 | R40: 5293 | S40: 5261 | T40: 99.4 | U40: 212 | V40: 136 | W40: 16 | X40: 364 | Y40: 14.99 | Z40: 502 | AA40: 268 | AB40: 33 | AC40: 803 | AD40: 28.34 | AE40: 1167 | AF40: 22.18 | AG40: 1167 | AH40: 100
A41: 35 | B41: KOTA TEGAL | C41: 12409 | D41: 12409 | E41: 100 | F41: 12156 | G41: 97.96 | H41: 0 | I41: 12409 | J41: 273 | K41: 12156 | L41: 2571 | M41: 2554 | N41: 99.34 | O41: 2892 | P41: 2821 | Q41: 97.54 | R41: 5463 | S41: 5375 | T41: 98.39 | U41: 653 | V41: 31 | W41: 0 | X41: 684 | Y41: 26.78 | Z41: 674 | AA41: 43 | AB41: 0 | AC41: 717 | AD41: 25.42 | AE41: 1401 | AF41: 26.07 | AG41: 1401 | AH41: 100
A42: JUMLAH | C42: 1584754 | D42: 1495494 | E42: 94.37 | F42: 1483925 | G42: 93.64 | H42: 106628 | I42: 1495494 | J42: 105966 | K42: 1483925 | L42: 318417 | M42: 298733 | N42: 93.82 | O42: 300148 | P42: 281262 | Q42: 93.71 | R42: 618565 | S42: 579995 | T42: 93.76 | U42: 30256 | V42: 15146 | W42: 1010 | X42: 46412 | Y42: 15.54 | Z42: 26490 | AA42: 14379 | AB42: 921 | AC42: 41790 | AD42: 14.86 | AE42: 88202 | AF42: 15.21 | AG42: 84291 | AH42: 95.57

Sheet grafik rematri
A1: Penarikan Data (Update) dilakukan secara rutin 8 jam sekali
A2: Data Tarik : 2026-07-01 04:45:53
A3: No | B3: Kabupaten/Kota | C3: % Rematri Konsumsi TTD | E3: No | F3: Kabupaten/Kota | G3: % Rematri skrining anemia | J3: No | K3: Kabupaten/Kota | L3: % Rematri anemia
A4: 15 | B4: GROBOGAN | C4: 55.1 | E4: 31 | F4: KOTA SURAKARTA | G4: 40.9 | J4: 25 | K4: BATANG | L4: 5.75
A5: 18 | B5: PATI | C5: 75.87 | E5: 33 | F5: KOTA SEMARANG | G5: 75.17 | J5: 33 | K5: KOTA SEMARANG | L5: 6.37
A6: 29 | B6: BREBES | C6: 83.05 | E6: 18 | F6: PATI | G6: 77.4 | J6: 29 | K6: BREBES | L6: 6.7
A7: 32 | B7: KOTA SALATIGA | C7: 83.16 | E7: 5 | F7: KEBUMEN | G7: 83.88 | J7: 15 | K7: GROBOGAN | L7: 7.08
A8: 14 | B8: SRAGEN | C8: 83.37 | E8: 8 | F8: MAGELANG | G8: 86.54 | J8: 18 | K8: PATI | L8: 7.52
A9: 8 | B9: MAGELANG | C9: 85.81 | E9: 14 | F9: SRAGEN | G9: 88.33 | J9: 27 | K9: PEMALANG | L9: 8.24
A10: 5 | B10: KEBUMEN | C10: 86.01 | E10: 1 | F10: CILACAP | G10: 89.76 | J10: 14 | K10: SRAGEN | L10: 8.7
A11: 6 | B11: PURWOREJO | C11: 87.45 | E11: 20 | F11: JEPARA | G11: 90.68 | J11: 21 | K11: DEMAK | L11: 9.14
A12: 33 | B12: KOTA SEMARANG | C12: 90.51 | E12: 22 | F12: SEMARANG | G12: 91.07 | J12: 12 | K12: WONOGIRI | L12: 10.02
A13: 20 | B13: JEPARA | C13: 90.55 | E13: 4 | F13: BANJARNEGARA | G13: 93.03 | J13: 17 | K13: REMBANG | L13: 11
A14: 19 | B14: KUDUS | C14: 91.08 | E14: 24 | F14: KENDAL | G14: 93.84 | J14: 30 | K14: KOTA MAGELANG | L14: 11.23
A15: 26 | B15: PEKALONGAN | C15: 92.01 | E15: 27 | F15: PEMALANG | G15: 94.27 | J15: 1 | K15: CILACAP | L15: 11.33
... A38: 17 | B38: REMBANG | C38: 100 | E38: 9 | F38: BOYOLALI | G38: 100.77 | J38: 8 | K38: MAGELANG | L38: 39.6
B39: JAWA TENGAH | C39: 91.83 | F39: JAWA TENGAH | G39: 92.58 | K39: JAWA TENGAH | L39: 14.82
B40: TARGET | F40: TARGET | K40: TARGET

Sheet grafik bumil
A3: No | B3: Kabupaten/Kota | C3: Ibu hamil Konsumsi TTD/MMS | D3: %TTD/MMS | I3: No | J3: Kabupaten/Kota | K3: % PMT | N3: No | O3: Kabupaten/Kota
A4: 32 | B4: KOTA SALATIGA | C4: 2212 | D4: 0 | I4: 7 | J4: WONOSOBO | K4: 0 | N4: No | O4: Kabupaten/Kota | P4: % ANC
A5: 14 | B5: SRAGEN | C5: 1819 | D5: 0.73 | I5: 15 | J5: GROBOGAN | K5: 0 | N5: 10 | O5: KLATEN | P5: 29.803314
A6: 6 | B6: PURWOREJO | C6: 609 | D6: 3.56 | I6: 24 | J6: KENDAL | K6: 0 | N6: 30 | O6: KOTA MAGELANG | P6: 38.437821
A7: 16 | B7: BLORA | C7: 1248 | D7: 3.73 | I7: 30 | J7: KOTA MAGELANG | K7: 0 | N7: 16 | O7: BLORA | P7: 38.555185
A8: 13 | B8: KARANGANYAR | C8: 1136 | D8: 4.71 | I8: 32 | J8: KOTA SALATIGA | K8: 6 | N8: 29 | O8: BREBES | P8: 38.714292
A9: 29 | B9: BREBES | C9: 2848 | D9: 5.61 | I9: 23 | J9: TEMANGGUNG | K9: 8.47 | N9: 27 | O9: PEMALANG | P9: 38.931407
A10: 7 | B10: WONOSOBO | C10: 1796 | D10: 5.92 | I10: 35 | J10: KOTA TEGAL | K10: 12.33 | N10: 3 | O10: PURBALINGGA | P10: 38.996764
A11: 31 | B11: KOTA SURAKARTA | C11: 3968 | D11: 6.06 | I11: 33 | J11: KOTA SEMARANG | K11: 20.31 | N11: 24 | O11: KENDAL | P11: 39.179341
A12: 15 | B12: GROBOGAN | C12: 1508 | D12: 6.24 | I12: 28 | J12: TEGAL | K12: 24.56 | N12: 18 | O12: PATI | P12: 39.374185
A13: 20 | B13: JEPARA | C13: 2287 | D13: 6.69 | I13: 18 | J13: PATI | K13: 27.4 | N13: 7 | O13: WONOSOBO | P13: 39.469958
A14: 28 | B14: TEGAL | C14: 1962 | D14: 6.96 | I14: 4 | J14: BANJARNEGARA | K14: 37.08 | N14: 19 | O14: KUDUS | P14: 39.564353
A15: 11 | B15: SUKOHARJO | C15: 848 | D15: 7.05 | I15: 2 | J15: BANYUMAS | K15: 42.18 | N15: 17 | O15: REMBANG | P15: 40.735048
A16: 35 | B16: KOTA TEGAL | C16: 3153 | D16: 7.66 | I16: 16 | J16: BLORA | K16: 44.41 | N16: 15 | O16: GROBOGAN | P16: 41.062276
... A38: 25 | B38: BATANG | C38: 854 | D38: 29.26 | I38: 21 | J38: DEMAK | K38: 1321.74 | N38: 31 | O38: KOTA SURAKARTA | P38: 51.246612
B39: JAWA TENGAH | C39: 60906 | D39: 11.89 | J39: JAWA TENGAH | K39: 81.56 | N39: 5 | O39: KEBUMEN | P39: 51.468936
B40: TARGET | C40: tahunan 52, tw 2: 26 | J40: TARGET | O40: JAWA TENGAH | P40: 43.029386
O41: TARGET

Sheet grafik pertumbuhan
A3: No | B3: Kabupaten/Kota | G3: No | H3: Kabupaten/Kota
A4: No | B4: Kabupaten/Kota | C4: % D/S | G4: No | H4: Kabupaten/Kota | I4: % tumbang
A5: 33 | B5: KOTA SEMARANG | C5: 87.49 | G5: 20 | H5: JEPARA | I5: 0.23
A6: 29 | B6: BREBES | C6: 88.55 | G6: 13 | H6: KARANGANYAR | I6: 0.56
A7: 17 | B7: REMBANG | C7: 88.88 | G7: 28 | H7: TEGAL | I7: 0.72
A8: 18 | B8: PATI | C8: 91.55 | G8: 7 | H8: WONOSOBO | I8: 1.44
A9: 14 | B9: SRAGEN | C9: 92.04 | G9: 14 | H9: SRAGEN | I9: 1.61
A10: 15 | B10: GROBOGAN | C10: 93.25 | G10: 5 | H10: KEBUMEN | I10: 2.19
A11: 26 | B11: PEKALONGAN | C11: 93.95 | G11: 3 | H11: PURBALINGGA | I11: 2.34
A12: 4 | B12: BANJARNEGARA | C12: 94.31 | G12: 29 | H12: BREBES | I12: 2.52
A13: 34 | B13: KOTA PEKALONGAN | C13: 94.41 | G13: 26 | H13: PEKALONGAN | I13: 2.54
A14: 28 | B14: TEGAL | C14: 94.65 | G14: 19 | H14: KUDUS | I14: 2.62
A15: 25 | B15: BATANG | C15: 94.69 | G15: 23 | H15: TEMANGGUNG | I15: 2.68
A16: 13 | B16: KARANGANYAR | C16: 94.96 | G16: 17 | H16: REMBANG | I16: 2.79
... A39: 11 | B39: SUKOHARJO | C39: 99.88 | G39: 25 | H39: BATANG | I39: 84.84
B40: JAWA TENGAH | C40: 95.66 | H40: JAWA TENGAH | I40: 8.26
B41: TARGET | H41: TARGET

Sheet grafik ASI MPASI
A3: No | B3: Kabupaten/Kota | K3: No | L3: Kabupaten/Kota
A4: No | B4: Kabupaten/Kota | C4: % ASI | K4: No | L4: Kabupaten/Kota | M4: % MPASI
A5: 27 | B5: PEMALANG | C5: 71.1 | K5: 29 | L5: BREBES | M5: 88.04
A6: 19 | B6: KUDUS | C6: 76.95 | K6: 10 | L6: KLATEN | M6: 89.56
A7: 15 | B7: GROBOGAN | C7: 77.91 | K7: 3 | L7: PURBALINGGA | M7: 90.03
A8: 12 | B8: WONOGIRI | C8: 77.94 | K8: 15 | L8: GROBOGAN | M8: 90.07
A9: 30 | B9: KOTA MAGELANG | C9: 79.63 | K9: 20 | L9: JEPARA | M9: 90.57
A10: 23 | B10: TEMANGGUNG | C10: 79.82 | K10: 17 | L10: REMBANG | M10: 91.16
A11: 32 | B11: KOTA SALATIGA | C11: 80.95 | K11: 16 | L11: BLORA | M11: 91.35
A12: 29 | B12: BREBES | C12: 86.13 | K12: 4 | L12: BANJARNEGARA | M12: 91.62
A13: 22 | B13: SEMARANG | C13: 86.14 | K13: 30 | L13: KOTA MAGELANG | M13: 92.59
A14: 24 | B14: KENDAL | C14: 86.39 | K14: 25 | L14: BATANG | M14: 92.61
A15: 4 | B15: BANJARNEGARA | C15: 87.09 | K15: 26 | L15: PEKALONGAN | M15: 92.88
A16: 16 | B16: BLORA | C16: 87.54 | K16: 8 | L16: MAGELANG | M16: 92.93
... A39: 33 | B39: KOTA SEMARANG | C39: 97.65 | K39: 11 | L39: SUKOHARJO | M39: 98.5
B40: JAWA TENGAH | C40: 89.82 | L40: JAWA TENGAH | M40: 94.54
B41: TARGET | L41: TARGET

Sheet grafik PMT
A3: No | B3: Kabupaten/Kota | H3: No | I3: Kabupaten/Kota | O3: No | P3: Kabupaten/Kota
A4: No | B4: Kabupaten/Kota | C4: % BB Tidak Naik (T) dapat MT | H4: No | I4: Kabupaten/Kota | J4: % BB kurang dapat MT | O4: No | P4: Kabupaten/Kota | Q4: % gizi kurang dapat MT
A5: 21 | B5: DEMAK | C5: 0.01 | H5: 21 | I5: DEMAK | J5: 0 | O5: 35 | P5: KOTA TEGAL | Q5: 0.45
A6: 23 | B6: TEMANGGUNG | C6: 0.02 | H6: 26 | I6: PEKALONGAN | J6: 0.64 | O6: 27 | P6: PEMALANG | Q6: 1.36
A7: 15 | B7: GROBOGAN | C7: 0.05 | H7: 24 | I7: KENDAL | J7: 2.6 | O7: 28 | P7: TEGAL | Q7: 3.55
A8: 27 | B8: PEMALANG | C8: 0.83 | H8: 27 | I8: PEMALANG | J8: 2.68 | O8: 24 | P8: KENDAL | Q8: 3.85
A9: 26 | B9: PEKALONGAN | C9: 0.86 | H9: 28 | I9: TEGAL | J9: 3.06 | O9: 19 | P9: KUDUS | Q9: 3.92
A10: 8 | B10: MAGELANG | C10: 1.24 | H10: 35 | I10: KOTA TEGAL | J10: 3.11 | O10: 29 | P10: BREBES | Q10: 4.18
A11: 7 | B11: WONOSOBO | C11: 1.37 | H11: 2 | I11: BANYUMAS | J11: 3.59 | O11: 26 | P11: PEKALONGAN | Q11: 4.69
A12: 1 | B12: CILACAP | C12: 1.51 | H12: 8 | I12: MAGELANG | J12: 3.81 | O12: 15 | P12: GROBOGAN | Q12: 4.75
A13: 18 | B13: PATI | C13: 1.53 | H13: 29 | I13: BREBES | J13: 4.13 | O13: 8 | P13: MAGELANG | Q13: 4.84
A14: 3 | B14: PURBALINGGA | C14: 1.58 | H14: 7 | I14: WONOSOBO | J14: 4.63 | O14: 7 | P14: WONOSOBO | Q14: 5.5
A15: 29 | B15: BREBES | C15: 1.7 | H15: 14 | I15: SRAGEN | J15: 5.49 | O15: 5 | P15: KEBUMEN | Q15: 5.94
A16: 2 | B16: BANYUMAS | C16: 1.76 | H16: 5 | I16: KEBUMEN | J16: 6.68 | O16: 34 | P16: KOTA PEKALONGAN | Q16: 7.38
... A39: 31 | B39: KOTA SURAKARTA | C39: 18.4 | H39: 33 | I39: KOTA SEMARANG | J39: 25.72 | O39: 31 | P39: KOTA SURAKARTA | Q39: 25.87
B40: JAWA TENGAH | C40: 2.85 | I40: JAWA TENGAH | J40: 7.43 | P40: JAWA TENGAH | Q40: 9.24
B41: TARGET | I41: TARGET | P41: TARGET

Sheet grafik gibur
A3: No | B3: Kabupaten/Kota
A4: No | B4: Kabupaten/Kota | C4: % Talak gibur
A5: 22 | B5: SEMARANG | C5: 0
A6: 30 | B6: KOTA MAGELANG | C6: 0
A7: 31 | B7: KOTA SURAKARTA | C7: 0
A8: 8 | B8: MAGELANG | C8: 0.52
A9: 20 | B9: JEPARA | C9: 0.71
A10: 35 | B10: KOTA TEGAL | C10: 1.67
A11: 23 | B11: TEMANGGUNG | C11: 1.89
A12: 14 | B12: SRAGEN | C12: 3.57
A13: 19 | B13: KUDUS | C13: 4.49
A14: 24 | B14: KENDAL | C14: 4.75
A15: 15 | B15: GROBOGAN | C15: 5.07
A16: 27 | B16: PEMALANG | C16: 7.57
... A39: 33 | B39: KOTA SEMARANG | C39: 100
B40: JAWA TENGAH | C40: 26.28
B41: TARGET

Sheet grafik imunisasi
A3: No | B3: Kabupaten/Kota
A4: No | B4: Kabupaten/Kota | C4: % IDL
A5: 6 | B5: PURWOREJO | C5: 24.694105
A6: 5 | B6: KEBUMEN | C6: 24.886145
A7: 23 | B7: TEMANGGUNG | C7: 26.068232
A8: 28 | B8: TEGAL | C8: 26.319422
A9: 16 | B9: BLORA | C9: 26.780495
A10: 1 | B10: CILACAP | C10: 26.952396
A11: 10 | B11: KLATEN | C11: 27.498846
A12: 27 | B12: PEMALANG | C12: 28.783069
A13: 7 | B13: WONOSOBO | C13: 29.215811
A14: 12 | B14: WONOGIRI | C14: 29.393414
A15: 3 | B15: PURBALINGGA | C15: 29.497433
A16: 13 | B16: KARANGANYAR | C16: 29.516539
... A39: 33 | B39: KOTA SEMARANG | C39: 48.317508
B40: JAWA TENGAH | C40: 31.931411
B41: TARGET

Sheet capaian INEY

Sheet BOK PMT
B3: No | C3: Kabupaten/Kota | D3: Pagu BOK PMT Lokal | G3: Jumlah Puskesmas | H3: Puskesmas memiliki pagu BOK PMT lokal | I3: Puskesmas buat RPD PMT Lokal | J3: Realisasi BOK PMT Lokal
D4: Tahun 2026 | J4: Tahun 2026
D5: Pembekalan/ | E5: PMT | F5: PMT | J5: Pembekalan/Evaluasi | K5: PMT | L5: PMT
D6: Evaluasi | E6: Ibu Hamil | F6: Balita | K6: Ibu Hamil | L6: Balita
B7: Provinsi ….. | D7: Rp | E7: Rp | F7: Rp | J7: Rp | K7: Rp | L7: Rp
B8: 1 | C8: Kab | D8: Rp | E8: Rp | F8: Rp | J8: Rp | K8: Rp | L8: Rp
B9: 2 | C9: Kab | D9: Rp | E9: Rp | F9: Rp | J9: Rp | K9: Rp | L9: Rp
B10: 3 | C10: Kab | D10: Rp | E10: Rp | F10: Rp | J10: Rp | K10: Rp | L10: Rp
B11: 4 | D11: Rp | E11: Rp | F11: Rp | J11: Rp | K11: Rp | L11: Rp
B12: 5 | D12: Rp | E12: Rp | F12: Rp | J12: Rp | K12: Rp | L12: Rp
B13: 6 | D13: Rp | E13: Rp | F13: Rp | J13: Rp | K13: Rp | L13: Rp
B14: 7 | D14: Rp | E14: Rp | F14: Rp | J14: Rp | K14: Rp | L14: Rp
B15: 8 | D15: Rp | E15: Rp | F15: Rp | J15: Rp | K15: Rp | L15: Rp
B16: 9 | D16: Rp | E16: Rp | F16: Rp | J16: Rp | K16: Rp | L16: Rp
B17: 10 | D17: Rp | E17: Rp | F17: Rp | J17: Rp | K17: Rp | L17: Rp
B18: 11 | D18: Rp | E18: Rp | F18: Rp | J18: Rp | K18: Rp | L18: Rp
B19: 12 | D19: Rp | E19: Rp | F19: Rp | J19: Rp | K19: Rp | L19: Rp
B20: 13 | D20: Rp | E20: Rp | F20: Rp | J20: Rp | K20: Rp | L20: Rp
B21: 14 | D21: Rp | E21: Rp | F21: Rp | J21: Rp | K21: Rp | L21: Rp
C22: dst
